supplier_id,total_warnings,critical_issues,moderate_issues,minor_issues,safety_violations,quality_violations,documentation_violations,regulatory_violations,unresolved_issues,follow_up_actions,avg_length_of_letter,avg_deadline_for_resolution,analysis_start,analysis_end,prediction_start,prediction_end,ncr_or_warning_letter
S100,1,1,0,0,0,0,1,0,0,1,934.0,12.0,2023-01-01,2024-01-01,2024-01-01,2024-07-01,0
S103,1,0,0,1,1,0,0,0,1,0,272.0,29.0,2023-01-01,2024-01-01,2024-01-01,2024-07-01,0
S104,1,0,0,1,0,0,0,1,0,0,735.0,21.0,2023-01-01,2024-01-01,2024-01-01,2024-07-01,0
S106,1,1,0,0,0,0,0,1,1,1,604.0,10.0,2023-01-01,2024-01-01,2024-01-01,2024-07-01,1
S107,1,0,1,0,0,0,0,1,0,1,537.0,6.0,2023-01-01,2024-01-01,2024-01-01,2024-07-01,0
S112,1,0,0,1,0,0,1,0,0,1,121.0,22.0,2023-01-01,2024-01-01,2024-01-01,2024-07-01,0
S113,3,1,2,0,0,3,0,0,0,0,607.3333333333334,16.666666666666668,2023-01-01,2024-01-01,2024-01-01,2024-07-01,0
S116,1,0,1,0,0,1,0,0,0,0,466.0,25.0,2023-01-01,2024-01-01,2024-01-01,2024-07-01,0
S120,1,0,0,1,1,0,0,0,0,1,303.0,27.0,2023-01-01,2024-01-01,2024-01-01,2024-07-01,1
S122,1,1,0,0,0,0,1,0,0,0,598.0,1.0,2023-01-01,2024-01-01,2024-01-01,2024-07-01,0
S123,1,0,1,0,0,0,0,1,0,1,883.0,10.0,2023-01-01,2024-01-01,2024-01-01,2024-07-01,0
S124,1,0,0,1,0,1,0,0,1,0,196.0,9.0,2023-01-01,2024-01-01,2024-01-01,2024-07-01,0
S128,1,1,0,0,0,0,0,1,0,0,142.0,10.0,2023-01-01,2024-01-01,2024-01-01,2024-07-01,0
S129,1,1,0,0,1,0,0,0,0,0,184.0,20.0,2023-01-01,2024-01-01,2024-01-01,2024-07-01,0
S130,1,1,0,0,0,0,1,0,0,0,250.0,2.0,2023-01-01,2024-01-01,2024-01-01,2024-07-01,0
S131,3,1,1,1,0,2,0,1,2,1,693.3333333333334,15.333333333333334,2023-01-01,2024-01-01,2024-01-01,2024-07-01,0
S135,2,1,1,0,0,0,2,0,2,2,546.0,10.5,2023-01-01,2024-01-01,2024-01-01,2024-07-01,0
S139,1,0,1,0,0,0,0,1,0,1,483.0,23.0,2023-01-01,2024-01-01,2024-01-01,2024-07-01,0
S14,1,0,1,0,0,0,0,1,0,0,799.0,2.0,2023-01-01,2024-01-01,2024-01-01,2024-07-01,0
S144,2,2,0,0,1,0,0,1,1,1,656.0,12.0,2023-01-01,2024-01-01,2024-01-01,2024-07-01,0
S147,1,1,0,0,0,0,1,0,1,0,825.0,4.0,2023-01-01,2024-01-01,2024-01-01,2024-07-01,0
S148,1,0,0,1,0,0,0,1,0,0,296.0,27.0,2023-01-01,2024-01-01,2024-01-01,2024-07-01,0
S15,2,2,0,0,1,0,1,0,0,1,267.0,17.0,2023-01-01,2024-01-01,2024-01-01,2024-07-01,0
S151,1,0,1,0,0,0,1,0,0,1,921.0,28.0,2023-01-01,2024-01-01,2024-01-01,2024-07-01,0
S152,1,1,0,0,0,0,1,0,1,1,830.0,10.0,2023-01-01,2024-01-01,2024-01-01,2024-07-01,0
S153,1,0,1,0,0,1,0,0,0,1,318.0,10.0,2023-01-01,2024-01-01,2024-01-01,2024-07-01,0
S157,1,0,0,1,0,1,0,0,0,1,665.0,22.0,2023-01-01,2024-01-01,2024-01-01,2024-07-01,0
S158,1,0,1,0,0,0,1,0,0,0,145.0,1.0,2023-01-01,2024-01-01,2024-01-01,2024-07-01,0
S160,2,1,1,0,1,1,0,0,1,2,436.0,26.0,2023-01-01,2024-01-01,2024-01-01,2024-07-01,0
S161,3,1,0,2,1,0,1,1,0,1,606.6666666666666,7.0,2023-01-01,2024-01-01,2024-01-01,2024-07-01,0
S162,1,1,0,0,0,0,1,0,1,0,466.0,18.0,2023-01-01,2024-01-01,2024-01-01,2024-07-01,0
S163,1,1,0,0,0,0,0,1,0,0,502.0,4.0,2023-01-01,2024-01-01,2024-01-01,2024-07-01,0
S167,1,1,0,0,0,1,0,0,0,0,687.0,4.0,2023-01-01,2024-01-01,2024-01-01,2024-07-01,0
S17,1,0,0,1,0,0,1,0,0,1,519.0,21.0,2023-01-01,2024-01-01,2024-01-01,2024-07-01,0
S171,1,1,0,0,0,0,0,1,1,1,588.0,20.0,2023-01-01,2024-01-01,2024-01-01,2024-07-01,0
S172,1,0,0,1,1,0,0,0,0,0,172.0,23.0,2023-01-01,2024-01-01,2024-01-01,2024-07-01,0
S18,1,0,1,0,1,0,0,0,0,0,476.0,19.0,2023-01-01,2024-01-01,2024-01-01,2024-07-01,0
S181,1,0,0,1,0,1,0,0,1,1,855.0,15.0,2023-01-01,2024-01-01,2024-01-01,2024-07-01,0
S184,1,0,1,0,0,0,0,1,0,1,725.0,15.0,2023-01-01,2024-01-01,2024-01-01,2024-07-01,0
S187,1,0,0,1,0,1,0,0,1,0,616.0,12.0,2023-01-01,2024-01-01,2024-01-01,2024-07-01,0
S188,1,1,0,0,1,0,0,0,0,1,924.0,15.0,2023-01-01,2024-01-01,2024-01-01,2024-07-01,0
S190,2,1,0,1,0,0,1,1,1,0,377.0,10.5,2023-01-01,2024-01-01,2024-01-01,2024-07-01,0
S191,1,0,0,1,0,0,0,1,0,0,370.0,25.0,2023-01-01,2024-01-01,2024-01-01,2024-07-01,0
S192,2,1,0,1,1,1,0,0,0,1,277.5,24.5,2023-01-01,2024-01-01,2024-01-01,2024-07-01,0
S195,1,1,0,0,1,0,0,0,0,0,659.0,27.0,2023-01-01,2024-01-01,2024-01-01,2024-07-01,0
S198,1,0,0,1,0,0,1,0,0,1,212.0,8.0,2023-01-01,2024-01-01,2024-01-01,2024-07-01,0
S2,3,0,2,1,0,1,2,0,1,2,596.3333333333334,20.0,2023-01-01,2024-01-01,2024-01-01,2024-07-01,0
S201,2,1,1,0,1,1,0,0,0,0,650.5,14.5,2023-01-01,2024-01-01,2024-01-01,2024-07-01,0
S202,1,0,1,0,1,0,0,0,0,0,379.0,27.0,2023-01-01,2024-01-01,2024-01-01,2024-07-01,0
S203,1,1,0,0,0,1,0,0,0,0,550.0,17.0,2023-01-01,2024-01-01,2024-01-01,2024-07-01,0
S206,1,0,1,0,0,0,0,1,1,1,208.0,27.0,2023-01-01,2024-01-01,2024-01-01,2024-07-01,0
S207,1,1,0,0,0,0,1,0,0,0,579.0,24.0,2023-01-01,2024-01-01,2024-01-01,2024-07-01,0
S208,1,1,0,0,1,0,0,0,0,1,573.0,6.0,2023-01-01,2024-01-01,2024-01-01,2024-07-01,0
S21,2,1,1,0,0,1,0,1,1,1,763.0,13.5,2023-01-01,2024-01-01,2024-01-01,2024-07-01,0
S215,1,0,1,0,0,0,1,0,1,1,771.0,29.0,2023-01-01,2024-01-01,2024-01-01,2024-07-01,0
S217,1,0,0,1,0,0,1,0,0,1,929.0,4.0,2023-01-01,2024-01-01,2024-01-01,2024-07-01,0
S218,1,0,1,0,0,0,0,1,0,1,131.0,14.0,2023-01-01,2024-01-01,2024-01-01,2024-07-01,0
S22,2,0,1,1,0,2,0,0,1,0,172.5,28.0,2023-01-01,2024-01-01,2024-01-01,2024-07-01,0
S220,2,0,1,1,1,0,1,0,0,1,513.5,18.5,2023-01-01,2024-01-01,2024-01-01,2024-07-01,1
S225,3,2,1,0,2,0,1,0,0,2,582.0,18.666666666666668,2023-01-01,2024-01-01,2024-01-01,2024-07-01,0
S226,1,0,0,1,0,0,0,1,0,0,889.0,14.0,2023-01-01,2024-01-01,2024-01-01,2024-07-01,0
S227,1,1,0,0,1,0,0,0,0,1,265.0,7.0,2023-01-01,2024-01-01,2024-01-01,2024-07-01,0
S230,1,0,1,0,1,0,0,0,0,1,920.0,22.0,2023-01-01,2024-01-01,2024-01-01,2024-07-01,0
S231,3,1,2,0,1,1,0,1,2,2,482.6666666666667,21.0,2023-01-01,2024-01-01,2024-01-01,2024-07-01,0
S233,2,2,0,0,0,0,1,1,0,1,642.0,7.0,2023-01-01,2024-01-01,2024-01-01,2024-07-01,0
S234,1,0,0,1,0,1,0,0,0,0,950.0,4.0,2023-01-01,2024-01-01,2024-01-01,2024-07-01,0
S241,1,0,1,0,0,1,0,0,0,1,734.0,5.0,2023-01-01,2024-01-01,2024-01-01,2024-07-01,0
S242,1,0,1,0,0,0,0,1,0,0,298.0,10.0,2023-01-01,2024-01-01,2024-01-01,2024-07-01,0
S243,1,0,0,1,0,1,0,0,1,0,522.0,17.0,2023-01-01,2024-01-01,2024-01-01,2024-07-01,0
S244,1,0,1,0,0,0,1,0,0,1,848.0,3.0,2023-01-01,2024-01-01,2024-01-01,2024-07-01,0
S247,1,0,1,0,0,0,1,0,0,1,618.0,19.0,2023-01-01,2024-01-01,2024-01-01,2024-07-01,1
S252,1,0,1,0,0,1,0,0,0,1,532.0,23.0,2023-01-01,2024-01-01,2024-01-01,2024-07-01,0
S253,2,2,0,0,0,1,0,1,1,1,583.0,14.5,2023-01-01,2024-01-01,2024-01-01,2024-07-01,1
S254,2,2,0,0,0,1,1,0,0,2,493.0,21.0,2023-01-01,2024-01-01,2024-01-01,2024-07-01,1
S256,1,0,1,0,0,0,0,1,0,0,959.0,11.0,2023-01-01,2024-01-01,2024-01-01,2024-07-01,0
S259,1,0,1,0,0,0,1,0,1,0,164.0,11.0,2023-01-01,2024-01-01,2024-01-01,2024-07-01,0
S263,1,0,1,0,0,0,1,0,0,0,891.0,27.0,2023-01-01,2024-01-01,2024-01-01,2024-07-01,0
S268,1,1,0,0,0,1,0,0,0,0,988.0,11.0,2023-01-01,2024-01-01,2024-01-01,2024-07-01,0
S27,1,0,0,1,0,1,0,0,1,0,347.0,29.0,2023-01-01,2024-01-01,2024-01-01,2024-07-01,0
S270,1,0,0,1,0,0,1,0,1,1,288.0,18.0,2023-01-01,2024-01-01,2024-01-01,2024-07-01,0
S271,2,0,0,2,0,1,1,0,1,2,499.5,12.0,2023-01-01,2024-01-01,2024-01-01,2024-07-01,0
S274,1,0,1,0,1,0,0,0,0,0,381.0,29.0,2023-01-01,2024-01-01,2024-01-01,2024-07-01,0
S277,3,2,1,0,2,0,0,1,1,1,471.6666666666667,17.666666666666668,2023-01-01,2024-01-01,2024-01-01,2024-07-01,0
S28,2,1,0,1,1,0,1,0,0,1,548.5,26.0,2023-01-01,2024-01-01,2024-01-01,2024-07-01,0
S280,2,2,0,0,0,1,1,0,1,2,746.5,9.0,2023-01-01,2024-01-01,2024-01-01,2024-07-01,0
S283,2,1,0,1,0,1,0,1,1,1,582.5,13.0,2023-01-01,2024-01-01,2024-01-01,2024-07-01,0
S284,1,1,0,0,0,0,0,1,0,1,124.0,21.0,2023-01-01,2024-01-01,2024-01-01,2024-07-01,0
S289,1,0,0,1,0,0,1,0,0,0,610.0,22.0,2023-01-01,2024-01-01,2024-01-01,2024-07-01,0
S294,1,0,0,1,0,0,0,1,1,1,309.0,23.0,2023-01-01,2024-01-01,2024-01-01,2024-07-01,0
S296,1,0,0,1,0,1,0,0,0,1,280.0,27.0,2023-01-01,2024-01-01,2024-01-01,2024-07-01,0
S298,1,1,0,0,0,1,0,0,0,0,503.0,25.0,2023-01-01,2024-01-01,2024-01-01,2024-07-01,0
S302,1,0,0,1,0,0,1,0,0,0,518.0,9.0,2023-01-01,2024-01-01,2024-01-01,2024-07-01,1
S304,1,1,0,0,0,1,0,0,0,1,768.0,13.0,2023-01-01,2024-01-01,2024-01-01,2024-07-01,0
S309,1,0,0,1,0,0,1,0,1,1,710.0,10.0,2023-01-01,2024-01-01,2024-01-01,2024-07-01,0
S314,1,1,0,0,0,0,1,0,0,0,190.0,11.0,2023-01-01,2024-01-01,2024-01-01,2024-07-01,1
S316,1,0,0,1,0,0,0,1,1,1,208.0,11.0,2023-01-01,2024-01-01,2024-01-01,2024-07-01,0
S318,1,0,1,0,0,1,0,0,1,1,963.0,10.0,2023-01-01,2024-01-01,2024-01-01,2024-07-01,0
S323,1,0,1,0,0,0,1,0,0,0,884.0,8.0,2023-01-01,2024-01-01,2024-01-01,2024-07-01,0
S326,1,0,1,0,0,1,0,0,0,0,668.0,12.0,2023-01-01,2024-01-01,2024-01-01,2024-07-01,0
S33,2,0,2,0,0,0,1,1,0,1,526.0,16.5,2023-01-01,2024-01-01,2024-01-01,2024-07-01,0
S331,2,1,1,0,1,1,0,0,2,0,470.0,15.0,2023-01-01,2024-01-01,2024-01-01,2024-07-01,0
S338,3,2,1,0,0,1,1,1,3,1,807.0,14.0,2023-01-01,2024-01-01,2024-01-01,2024-07-01,0
S340,2,2,0,0,0,1,0,1,0,1,762.0,18.0,2023-01-01,2024-01-01,2024-01-01,2024-07-01,0
S344,2,1,1,0,0,1,1,0,1,0,586.0,15.5,2023-01-01,2024-01-01,2024-01-01,2024-07-01,0
S346,3,1,0,2,0,2,0,1,1,0,739.3333333333334,17.0,2023-01-01,2024-01-01,2024-01-01,2024-07-01,0
S348,1,0,1,0,0,0,1,0,1,0,439.0,15.0,2023-01-01,2024-01-01,2024-01-01,2024-07-01,0
S349,2,0,1,1,0,0,2,0,1,1,160.5,10.5,2023-01-01,2024-01-01,2024-01-01,2024-07-01,0
S35,1,1,0,0,0,1,0,0,0,1,727.0,5.0,2023-01-01,2024-01-01,2024-01-01,2024-07-01,0
S359,1,0,1,0,0,0,0,1,0,1,948.0,14.0,2023-01-01,2024-01-01,2024-01-01,2024-07-01,0
S36,1,0,0,1,0,1,0,0,1,0,187.0,7.0,2023-01-01,2024-01-01,2024-01-01,2024-07-01,0
S365,1,0,1,0,1,0,0,0,1,1,178.0,18.0,2023-01-01,2024-01-01,2024-01-01,2024-07-01,0
S367,1,1,0,0,0,0,0,1,0,1,561.0,23.0,2023-01-01,2024-01-01,2024-01-01,2024-07-01,0
S37,2,1,0,1,1,0,1,0,0,1,543.0,12.5,2023-01-01,2024-01-01,2024-01-01,2024-07-01,0
S373,2,1,0,1,0,0,1,1,1,2,606.5,14.5,2023-01-01,2024-01-01,2024-01-01,2024-07-01,0
S374,1,0,0,1,0,1,0,0,0,1,177.0,26.0,2023-01-01,2024-01-01,2024-01-01,2024-07-01,0
S375,1,0,1,0,0,0,0,1,0,1,551.0,25.0,2023-01-01,2024-01-01,2024-01-01,2024-07-01,0
S377,1,0,1,0,1,0,0,0,0,1,660.0,8.0,2023-01-01,2024-01-01,2024-01-01,2024-07-01,0
S379,1,0,0,1,0,0,0,1,0,1,519.0,20.0,2023-01-01,2024-01-01,2024-01-01,2024-07-01,0
S38,1,0,0,1,0,0,1,0,0,0,365.0,2.0,2023-01-01,2024-01-01,2024-01-01,2024-07-01,0
S380,1,1,0,0,0,0,1,0,1,0,608.0,8.0,2023-01-01,2024-01-01,2024-01-01,2024-07-01,1
S385,2,0,1,1,1,0,0,1,0,0,434.0,17.5,2023-01-01,2024-01-01,2024-01-01,2024-07-01,0
S386,2,0,2,0,0,0,0,2,1,1,204.0,10.5,2023-01-01,2024-01-01,2024-01-01,2024-07-01,1
S387,1,1,0,0,0,1,0,0,0,1,552.0,6.0,2023-01-01,2024-01-01,2024-01-01,2024-07-01,0
S388,2,0,1,1,1,0,0,1,0,0,596.5,23.5,2023-01-01,2024-01-01,2024-01-01,2024-07-01,0
S390,1,1,0,0,1,0,0,0,1,1,657.0,22.0,2023-01-01,2024-01-01,2024-01-01,2024-07-01,0
S392,2,0,2,0,1,0,1,0,0,0,747.0,11.5,2023-01-01,2024-01-01,2024-01-01,2024-07-01,0
S393,1,0,1,0,0,0,1,0,0,1,750.0,15.0,2023-01-01,2024-01-01,2024-01-01,2024-07-01,1
S398,2,0,1,1,1,1,0,0,0,0,900.0,12.0,2023-01-01,2024-01-01,2024-01-01,2024-07-01,0
S401,2,0,0,2,0,0,1,1,0,1,559.5,20.5,2023-01-01,2024-01-01,2024-01-01,2024-07-01,0
S402,1,0,0,1,0,0,0,1,0,0,520.0,11.0,2023-01-01,2024-01-01,2024-01-01,2024-07-01,0
S403,2,1,0,1,0,0,2,0,1,2,350.0,19.5,2023-01-01,2024-01-01,2024-01-01,2024-07-01,0
S404,1,0,1,0,1,0,0,0,1,0,524.0,3.0,2023-01-01,2024-01-01,2024-01-01,2024-07-01,0
S407,2,0,0,2,1,0,1,0,0,1,654.5,15.0,2023-01-01,2024-01-01,2024-01-01,2024-07-01,0
S41,2,0,2,0,1,0,0,1,2,1,862.0,23.0,2023-01-01,2024-01-01,2024-01-01,2024-07-01,0
S411,1,1,0,0,0,0,0,1,1,0,199.0,24.0,2023-01-01,2024-01-01,2024-01-01,2024-07-01,0
S414,1,0,0,1,0,0,1,0,0,0,957.0,3.0,2023-01-01,2024-01-01,2024-01-01,2024-07-01,0
S415,1,1,0,0,0,0,0,1,0,1,576.0,7.0,2023-01-01,2024-01-01,2024-01-01,2024-07-01,0
S416,1,0,1,0,0,0,1,0,0,1,939.0,18.0,2023-01-01,2024-01-01,2024-01-01,2024-07-01,0
S419,1,0,1,0,1,0,0,0,0,1,137.0,8.0,2023-01-01,2024-01-01,2024-01-01,2024-07-01,0
S420,1,0,0,1,0,1,0,0,0,1,307.0,25.0,2023-01-01,2024-01-01,2024-01-01,2024-07-01,0
S422,1,0,0,1,0,0,0,1,1,0,613.0,9.0,2023-01-01,2024-01-01,2024-01-01,2024-07-01,0
S428,1,0,1,0,0,1,0,0,0,1,973.0,14.0,2023-01-01,2024-01-01,2024-01-01,2024-07-01,0
S436,1,0,0,1,1,0,0,0,0,0,109.0,7.0,2023-01-01,2024-01-01,2024-01-01,2024-07-01,0
S438,1,0,0,1,1,0,0,0,1,0,761.0,7.0,2023-01-01,2024-01-01,2024-01-01,2024-07-01,0
S439,1,0,0,1,1,0,0,0,0,0,474.0,8.0,2023-01-01,2024-01-01,2024-01-01,2024-07-01,0
S442,1,0,1,0,1,0,0,0,0,1,414.0,2.0,2023-01-01,2024-01-01,2024-01-01,2024-07-01,0
S453,2,1,1,0,1,1,0,0,1,1,410.5,16.5,2023-01-01,2024-01-01,2024-01-01,2024-07-01,0
S455,1,0,0,1,1,0,0,0,0,1,890.0,11.0,2023-01-01,2024-01-01,2024-01-01,2024-07-01,0
S456,2,0,2,0,1,1,0,0,0,1,492.5,25.0,2023-01-01,2024-01-01,2024-01-01,2024-07-01,0
S459,1,0,0,1,0,1,0,0,0,0,704.0,16.0,2023-01-01,2024-01-01,2024-01-01,2024-07-01,0
S46,1,1,0,0,0,0,0,1,0,1,899.0,20.0,2023-01-01,2024-01-01,2024-01-01,2024-07-01,0
S460,2,0,2,0,0,0,0,2,1,1,475.0,13.5,2023-01-01,2024-01-01,2024-01-01,2024-07-01,0
S461,1,1,0,0,0,0,0,1,0,1,935.0,24.0,2023-01-01,2024-01-01,2024-01-01,2024-07-01,0
S462,2,1,0,1,1,0,1,0,1,0,652.5,16.0,2023-01-01,2024-01-01,2024-01-01,2024-07-01,0
S464,1,0,1,0,0,0,1,0,1,1,945.0,6.0,2023-01-01,2024-01-01,2024-01-01,2024-07-01,0
S467,1,0,0,1,1,0,0,0,0,1,228.0,22.0,2023-01-01,2024-01-01,2024-01-01,2024-07-01,0
S470,1,1,0,0,0,1,0,0,0,0,512.0,28.0,2023-01-01,2024-01-01,2024-01-01,2024-07-01,0
S472,2,0,1,1,0,1,0,1,0,1,340.0,17.0,2023-01-01,2024-01-01,2024-01-01,2024-07-01,0
S473,3,0,3,0,1,1,1,0,1,1,482.3333333333333,13.333333333333334,2023-01-01,2024-01-01,2024-01-01,2024-07-01,0
S475,1,0,1,0,1,0,0,0,1,1,253.0,28.0,2023-01-01,2024-01-01,2024-01-01,2024-07-01,1
S476,1,0,0,1,0,0,1,0,0,1,954.0,22.0,2023-01-01,2024-01-01,2024-01-01,2024-07-01,0
S477,2,0,1,1,1,0,0,1,1,1,853.0,25.0,2023-01-01,2024-01-01,2024-01-01,2024-07-01,1
S48,1,0,0,1,0,1,0,0,0,1,305.0,2.0,2023-01-01,2024-01-01,2024-01-01,2024-07-01,0
S481,1,0,1,0,0,0,0,1,1,0,980.0,23.0,2023-01-01,2024-01-01,2024-01-01,2024-07-01,0
S485,2,1,1,0,0,1,1,0,1,0,322.5,23.0,2023-01-01,2024-01-01,2024-01-01,2024-07-01,0
S489,1,1,0,0,0,0,1,0,0,0,778.0,13.0,2023-01-01,2024-01-01,2024-01-01,2024-07-01,0
S49,1,0,0,1,0,0,0,1,0,1,996.0,10.0,2023-01-01,2024-01-01,2024-01-01,2024-07-01,0
S490,1,0,1,0,0,0,1,0,0,1,268.0,3.0,2023-01-01,2024-01-01,2024-01-01,2024-07-01,0
S492,1,0,0,1,0,0,1,0,0,0,702.0,27.0,2023-01-01,2024-01-01,2024-01-01,2024-07-01,0
S493,1,1,0,0,0,0,0,1,0,0,860.0,12.0,2023-01-01,2024-01-01,2024-01-01,2024-07-01,1
S497,2,1,0,1,1,1,0,0,1,0,808.0,19.0,2023-01-01,2024-01-01,2024-01-01,2024-07-01,1
S499,1,0,1,0,1,0,0,0,1,0,790.0,27.0,2023-01-01,2024-01-01,2024-01-01,2024-07-01,1
S5,1,0,1,0,1,0,0,0,1,1,301.0,16.0,2023-01-01,2024-01-01,2024-01-01,2024-07-01,0
S503,2,2,0,0,1,0,1,0,0,0,413.0,7.5,2023-01-01,2024-01-01,2024-01-01,2024-07-01,0
S504,1,1,0,0,0,1,0,0,0,0,877.0,23.0,2023-01-01,2024-01-01,2024-01-01,2024-07-01,0
S505,1,1,0,0,1,0,0,0,0,1,679.0,16.0,2023-01-01,2024-01-01,2024-01-01,2024-07-01,0
S506,1,0,0,1,0,0,1,0,1,1,361.0,20.0,2023-01-01,2024-01-01,2024-01-01,2024-07-01,0
S509,1,0,1,0,0,1,0,0,1,0,183.0,2.0,2023-01-01,2024-01-01,2024-01-01,2024-07-01,0
S510,2,0,2,0,1,0,0,1,2,0,260.0,16.0,2023-01-01,2024-01-01,2024-01-01,2024-07-01,0
S511,3,1,1,1,1,0,1,1,1,1,428.3333333333333,18.333333333333332,2023-01-01,2024-01-01,2024-01-01,2024-07-01,0
S512,1,0,1,0,0,1,0,0,0,1,749.0,12.0,2023-01-01,2024-01-01,2024-01-01,2024-07-01,0
S516,1,0,1,0,0,0,1,0,1,1,236.0,15.0,2023-01-01,2024-01-01,2024-01-01,2024-07-01,1
S518,1,0,0,1,0,0,0,1,0,0,275.0,22.0,2023-01-01,2024-01-01,2024-01-01,2024-07-01,0
S521,1,0,0,1,0,0,1,0,0,1,490.0,14.0,2023-01-01,2024-01-01,2024-01-01,2024-07-01,0
S525,1,1,0,0,0,0,0,1,0,1,293.0,21.0,2023-01-01,2024-01-01,2024-01-01,2024-07-01,1
S53,2,2,0,0,1,0,1,0,1,2,787.5,14.0,2023-01-01,2024-01-01,2024-01-01,2024-07-01,1
S54,1,1,0,0,0,1,0,0,1,1,788.0,3.0,2023-01-01,2024-01-01,2024-01-01,2024-07-01,0
S541,1,0,0,1,1,0,0,0,0,0,994.0,28.0,2023-01-01,2024-01-01,2024-01-01,2024-07-01,0
S547,2,1,0,1,1,0,0,1,2,1,192.0,8.5,2023-01-01,2024-01-01,2024-01-01,2024-07-01,0
S551,1,1,0,0,0,1,0,0,0,0,183.0,6.0,2023-01-01,2024-01-01,2024-01-01,2024-07-01,0
S554,1,1,0,0,0,0,0,1,0,0,604.0,21.0,2023-01-01,2024-01-01,2024-01-01,2024-07-01,0
S556,2,0,2,0,2,0,0,0,0,1,834.0,28.0,2023-01-01,2024-01-01,2024-01-01,2024-07-01,0
S557,1,1,0,0,0,0,0,1,1,1,477.0,11.0,2023-01-01,2024-01-01,2024-01-01,2024-07-01,0
S561,1,0,0,1,0,0,1,0,1,0,157.0,11.0,2023-01-01,2024-01-01,2024-01-01,2024-07-01,0
S562,1,0,1,0,0,1,0,0,1,0,467.0,21.0,2023-01-01,2024-01-01,2024-01-01,2024-07-01,0
S563,2,0,1,1,0,2,0,0,0,1,457.0,16.0,2023-01-01,2024-01-01,2024-01-01,2024-07-01,0
S564,2,0,2,0,1,0,1,0,1,2,959.0,16.5,2023-01-01,2024-01-01,2024-01-01,2024-07-01,0
S565,1,0,0,1,0,0,0,1,0,0,253.0,25.0,2023-01-01,2024-01-01,2024-01-01,2024-07-01,0
S566,3,2,0,1,0,2,0,1,2,2,631.3333333333334,9.666666666666666,2023-01-01,2024-01-01,2024-01-01,2024-07-01,0
S567,1,0,0,1,0,1,0,0,0,1,453.0,26.0,2023-01-01,2024-01-01,2024-01-01,2024-07-01,0
S572,1,0,0,1,1,0,0,0,0,1,668.0,21.0,2023-01-01,2024-01-01,2024-01-01,2024-07-01,0
S574,2,0,1,1,0,0,0,2,0,1,430.5,14.0,2023-01-01,2024-01-01,2024-01-01,2024-07-01,0
S575,1,1,0,0,0,1,0,0,0,0,535.0,3.0,2023-01-01,2024-01-01,2024-01-01,2024-07-01,0
S578,1,0,0,1,1,0,0,0,0,0,100.0,19.0,2023-01-01,2024-01-01,2024-01-01,2024-07-01,0
S580,1,0,0,1,0,1,0,0,0,1,408.0,24.0,2023-01-01,2024-01-01,2024-01-01,2024-07-01,0
S587,1,1,0,0,0,0,0,1,1,1,197.0,29.0,2023-01-01,2024-01-01,2024-01-01,2024-07-01,0
S59,1,0,1,0,1,0,0,0,0,0,976.0,16.0,2023-01-01,2024-01-01,2024-01-01,2024-07-01,0
S593,1,0,0,1,1,0,0,0,0,0,441.0,11.0,2023-01-01,2024-01-01,2024-01-01,2024-07-01,0
S601,1,0,1,0,0,1,0,0,1,0,502.0,19.0,2023-01-01,2024-01-01,2024-01-01,2024-07-01,0
S607,1,0,0,1,0,1,0,0,0,0,606.0,12.0,2023-01-01,2024-01-01,2024-01-01,2024-07-01,1
S608,1,0,1,0,0,0,0,1,0,0,900.0,4.0,2023-01-01,2024-01-01,2024-01-01,2024-07-01,0
S609,2,0,1,1,0,1,0,1,0,2,376.0,12.0,2023-01-01,2024-01-01,2024-01-01,2024-07-01,0
S610,1,0,0,1,0,0,1,0,1,0,223.0,9.0,2023-01-01,2024-01-01,2024-01-01,2024-07-01,0
S611,1,0,0,1,0,1,0,0,0,1,128.0,13.0,2023-01-01,2024-01-01,2024-01-01,2024-07-01,0
S613,2,0,1,1,0,0,1,1,1,0,597.5,17.0,2023-01-01,2024-01-01,2024-01-01,2024-07-01,1
S615,1,0,0,1,0,0,0,1,0,0,645.0,11.0,2023-01-01,2024-01-01,2024-01-01,2024-07-01,0
S620,1,0,1,0,0,0,0,1,0,0,517.0,2.0,2023-01-01,2024-01-01,2024-01-01,2024-07-01,0
S624,1,1,0,0,0,0,0,1,1,0,460.0,28.0,2023-01-01,2024-01-01,2024-01-01,2024-07-01,0
S625,2,1,0,1,0,1,0,1,0,2,466.5,9.5,2023-01-01,2024-01-01,2024-01-01,2024-07-01,0
S628,2,1,0,1,1,0,0,1,0,0,542.5,25.5,2023-01-01,2024-01-01,2024-01-01,2024-07-01,0
S63,1,0,0,1,0,0,0,1,0,0,614.0,1.0,2023-01-01,2024-01-01,2024-01-01,2024-07-01,0
S633,1,0,0,1,1,0,0,0,0,1,274.0,12.0,2023-01-01,2024-01-01,2024-01-01,2024-07-01,0
S638,1,0,1,0,1,0,0,0,0,0,527.0,24.0,2023-01-01,2024-01-01,2024-01-01,2024-07-01,0
S640,3,1,0,2,0,2,1,0,1,2,588.3333333333334,10.0,2023-01-01,2024-01-01,2024-01-01,2024-07-01,0
S641,1,0,1,0,0,0,0,1,0,1,690.0,25.0,2023-01-01,2024-01-01,2024-01-01,2024-07-01,0
S642,1,1,0,0,0,1,0,0,0,0,815.0,23.0,2023-01-01,2024-01-01,2024-01-01,2024-07-01,0
S643,1,1,0,0,1,0,0,0,0,1,670.0,20.0,2023-01-01,2024-01-01,2024-01-01,2024-07-01,0
S646,1,0,1,0,0,0,0,1,1,0,737.0,7.0,2023-01-01,2024-01-01,2024-01-01,2024-07-01,0
S647,1,0,1,0,0,0,0,1,0,1,923.0,10.0,2023-01-01,2024-01-01,2024-01-01,2024-07-01,0
S648,1,1,0,0,0,1,0,0,0,0,416.0,18.0,2023-01-01,2024-01-01,2024-01-01,2024-07-01,0
S649,1,0,1,0,1,0,0,0,0,0,643.0,28.0,2023-01-01,2024-01-01,2024-01-01,2024-07-01,0
S65,1,1,0,0,0,0,0,1,1,1,924.0,17.0,2023-01-01,2024-01-01,2024-01-01,2024-07-01,0
S652,1,0,1,0,0,0,1,0,0,1,116.0,2.0,2023-01-01,2024-01-01,2024-01-01,2024-07-01,0
S655,1,0,1,0,0,0,0,1,0,1,180.0,14.0,2023-01-01,2024-01-01,2024-01-01,2024-07-01,0
S659,2,0,1,1,1,0,1,0,0,2,848.0,14.0,2023-01-01,2024-01-01,2024-01-01,2024-07-01,0
S660,1,1,0,0,1,0,0,0,1,1,987.0,7.0,2023-01-01,2024-01-01,2024-01-01,2024-07-01,0
S662,1,0,1,0,0,0,0,1,0,1,774.0,29.0,2023-01-01,2024-01-01,2024-01-01,2024-07-01,0
S664,2,1,0,1,0,1,0,1,0,0,855.5,21.0,2023-01-01,2024-01-01,2024-01-01,2024-07-01,1
S670,1,0,1,0,0,1,0,0,1,1,253.0,23.0,2023-01-01,2024-01-01,2024-01-01,2024-07-01,1
S672,2,2,0,0,0,1,0,1,1,2,953.5,23.5,2023-01-01,2024-01-01,2024-01-01,2024-07-01,0
S673,1,0,0,1,0,0,0,1,1,0,682.0,12.0,2023-01-01,2024-01-01,2024-01-01,2024-07-01,0
S675,1,0,0,1,0,0,0,1,1,1,943.0,12.0,2023-01-01,2024-01-01,2024-01-01,2024-07-01,1
S677,1,0,1,0,0,0,0,1,0,0,227.0,7.0,2023-01-01,2024-01-01,2024-01-01,2024-07-01,0
S681,1,1,0,0,0,1,0,0,0,1,466.0,15.0,2023-01-01,2024-01-01,2024-01-01,2024-07-01,0
S682,2,0,1,1,0,1,0,1,2,0,616.5,8.5,2023-01-01,2024-01-01,2024-01-01,2024-07-01,1
S684,3,2,0,1,0,2,0,1,1,1,485.3333333333333,19.666666666666668,2023-01-01,2024-01-01,2024-01-01,2024-07-01,0
S687,1,0,0,1,0,0,1,0,0,1,989.0,4.0,2023-01-01,2024-01-01,2024-01-01,2024-07-01,0
S688,1,0,1,0,0,0,0,1,0,1,199.0,13.0,2023-01-01,2024-01-01,2024-01-01,2024-07-01,0
S691,1,0,1,0,0,0,0,1,0,0,659.0,9.0,2023-01-01,2024-01-01,2024-01-01,2024-07-01,1
S692,1,1,0,0,1,0,0,0,1,0,800.0,24.0,2023-01-01,2024-01-01,2024-01-01,2024-07-01,1
S699,2,0,2,0,0,1,1,0,0,2,563.0,14.5,2023-01-01,2024-01-01,2024-01-01,2024-07-01,0
S700,2,0,1,1,0,2,0,0,1,0,295.5,9.5,2023-01-01,2024-01-01,2024-01-01,2024-07-01,0
S701,1,0,1,0,0,0,1,0,0,1,346.0,2.0,2023-01-01,2024-01-01,2024-01-01,2024-07-01,0
S702,1,0,1,0,0,1,0,0,0,1,570.0,9.0,2023-01-01,2024-01-01,2024-01-01,2024-07-01,0
S703,1,0,1,0,1,0,0,0,0,0,370.0,14.0,2023-01-01,2024-01-01,2024-01-01,2024-07-01,0
S706,1,0,1,0,0,0,1,0,1,0,247.0,17.0,2023-01-01,2024-01-01,2024-01-01,2024-07-01,0
S710,2,1,0,1,2,0,0,0,1,1,492.5,12.0,2023-01-01,2024-01-01,2024-01-01,2024-07-01,0
S711,1,0,1,0,1,0,0,0,1,0,549.0,8.0,2023-01-01,2024-01-01,2024-01-01,2024-07-01,0
S72,1,0,0,1,0,0,1,0,0,1,859.0,18.0,2023-01-01,2024-01-01,2024-01-01,2024-07-01,0
S720,2,1,0,1,0,1,0,1,2,1,711.0,5.0,2023-01-01,2024-01-01,2024-01-01,2024-07-01,0
S725,1,0,1,0,1,0,0,0,1,0,347.0,25.0,2023-01-01,2024-01-01,2024-01-01,2024-07-01,0
S726,1,0,0,1,0,0,1,0,0,1,627.0,22.0,2023-01-01,2024-01-01,2024-01-01,2024-07-01,0
S727,1,0,0,1,0,1,0,0,0,0,389.0,5.0,2023-01-01,2024-01-01,2024-01-01,2024-07-01,1
S728,1,1,0,0,1,0,0,0,0,1,478.0,11.0,2023-01-01,2024-01-01,2024-01-01,2024-07-01,0
S730,2,2,0,0,1,0,1,0,0,1,558.5,12.0,2023-01-01,2024-01-01,2024-01-01,2024-07-01,0
S734,1,1,0,0,0,1,0,0,1,0,932.0,23.0,2023-01-01,2024-01-01,2024-01-01,2024-07-01,1
S735,1,0,1,0,0,0,0,1,0,1,269.0,7.0,2023-01-01,2024-01-01,2024-01-01,2024-07-01,0
S736,1,0,1,0,0,0,0,1,0,1,188.0,25.0,2023-01-01,2024-01-01,2024-01-01,2024-07-01,0
S739,1,1,0,0,0,0,0,1,1,1,409.0,8.0,2023-01-01,2024-01-01,2024-01-01,2024-07-01,0
S743,1,0,0,1,0,0,0,1,0,1,252.0,20.0,2023-01-01,2024-01-01,2024-01-01,2024-07-01,0
S745,2,1,0,1,0,1,1,0,0,1,616.0,10.0,2023-01-01,2024-01-01,2024-01-01,2024-07-01,0
S748,1,0,0,1,1,0,0,0,0,1,213.0,19.0,2023-01-01,2024-01-01,2024-01-01,2024-07-01,0
S749,2,0,1,1,1,0,0,1,0,0,640.5,21.5,2023-01-01,2024-01-01,2024-01-01,2024-07-01,0
S750,1,1,0,0,0,1,0,0,0,0,694.0,16.0,2023-01-01,2024-01-01,2024-01-01,2024-07-01,1
S752,1,1,0,0,0,0,0,1,0,0,430.0,21.0,2023-01-01,2024-01-01,2024-01-01,2024-07-01,0
S764,3,1,0,2,1,1,0,1,1,0,458.3333333333333,10.666666666666666,2023-01-01,2024-01-01,2024-01-01,2024-07-01,0
S767,2,0,2,0,0,1,1,0,1,1,269.5,11.0,2023-01-01,2024-01-01,2024-01-01,2024-07-01,0
S769,1,0,1,0,1,0,0,0,0,0,898.0,23.0,2023-01-01,2024-01-01,2024-01-01,2024-07-01,0
S770,1,1,0,0,1,0,0,0,1,0,724.0,3.0,2023-01-01,2024-01-01,2024-01-01,2024-07-01,0
S771,1,0,0,1,0,0,1,0,1,0,217.0,28.0,2023-01-01,2024-01-01,2024-01-01,2024-07-01,0
S772,1,1,0,0,0,0,1,0,0,1,574.0,20.0,2023-01-01,2024-01-01,2024-01-01,2024-07-01,0
S773,1,0,0,1,0,1,0,0,1,1,850.0,6.0,2023-01-01,2024-01-01,2024-01-01,2024-07-01,0
S776,2,2,0,0,2,0,0,0,1,2,578.5,18.0,2023-01-01,2024-01-01,2024-01-01,2024-07-01,0
S777,1,1,0,0,0,0,0,1,0,1,402.0,29.0,2023-01-01,2024-01-01,2024-01-01,2024-07-01,0
S779,1,0,1,0,1,0,0,0,0,0,314.0,28.0,2023-01-01,2024-01-01,2024-01-01,2024-07-01,0
S780,1,1,0,0,0,0,0,1,0,1,636.0,5.0,2023-01-01,2024-01-01,2024-01-01,2024-07-01,0
S783,1,0,1,0,0,0,0,1,1,1,814.0,24.0,2023-01-01,2024-01-01,2024-01-01,2024-07-01,0
S792,1,1,0,0,0,0,1,0,1,0,353.0,1.0,2023-01-01,2024-01-01,2024-01-01,2024-07-01,0
S793,1,1,0,0,1,0,0,0,0,0,140.0,11.0,2023-01-01,2024-01-01,2024-01-01,2024-07-01,0
S795,1,0,1,0,0,0,0,1,0,1,620.0,27.0,2023-01-01,2024-01-01,2024-01-01,2024-07-01,0
S796,2,1,0,1,2,0,0,0,1,0,354.5,20.5,2023-01-01,2024-01-01,2024-01-01,2024-07-01,0
S798,2,0,1,1,0,1,1,0,1,1,642.5,15.5,2023-01-01,2024-01-01,2024-01-01,2024-07-01,0
S801,1,1,0,0,0,1,0,0,0,1,901.0,26.0,2023-01-01,2024-01-01,2024-01-01,2024-07-01,0
S805,1,0,1,0,1,0,0,0,0,0,146.0,8.0,2023-01-01,2024-01-01,2024-01-01,2024-07-01,0
S806,1,1,0,0,0,1,0,0,1,1,817.0,15.0,2023-01-01,2024-01-01,2024-01-01,2024-07-01,0
S807,1,0,0,1,1,0,0,0,0,0,438.0,14.0,2023-01-01,2024-01-01,2024-01-01,2024-07-01,0
S81,2,0,1,1,0,0,2,0,1,0,329.5,4.0,2023-01-01,2024-01-01,2024-01-01,2024-07-01,0
S813,1,1,0,0,0,1,0,0,1,0,456.0,15.0,2023-01-01,2024-01-01,2024-01-01,2024-07-01,0
S816,4,2,2,0,0,1,2,1,3,3,435.0,23.5,2023-01-01,2024-01-01,2024-01-01,2024-07-01,0
S819,2,1,1,0,0,0,1,1,1,1,609.0,23.0,2023-01-01,2024-01-01,2024-01-01,2024-07-01,0
S820,1,0,1,0,1,0,0,0,0,1,658.0,13.0,2023-01-01,2024-01-01,2024-01-01,2024-07-01,0
S822,2,0,1,1,0,1,1,0,1,1,571.0,14.0,2023-01-01,2024-01-01,2024-01-01,2024-07-01,0
S827,1,1,0,0,1,0,0,0,1,1,587.0,5.0,2023-01-01,2024-01-01,2024-01-01,2024-07-01,0
S829,1,0,0,1,0,0,1,0,0,1,167.0,8.0,2023-01-01,2024-01-01,2024-01-01,2024-07-01,0
S830,1,0,1,0,1,0,0,0,0,0,999.0,23.0,2023-01-01,2024-01-01,2024-01-01,2024-07-01,0
S832,1,1,0,0,0,1,0,0,0,1,832.0,3.0,2023-01-01,2024-01-01,2024-01-01,2024-07-01,0
S836,1,0,1,0,0,0,0,1,0,0,305.0,12.0,2023-01-01,2024-01-01,2024-01-01,2024-07-01,0
S837,1,0,0,1,0,0,0,1,0,1,563.0,13.0,2023-01-01,2024-01-01,2024-01-01,2024-07-01,1
S839,2,0,2,0,0,0,1,1,0,2,830.5,13.0,2023-01-01,2024-01-01,2024-01-01,2024-07-01,0
S840,1,0,0,1,0,1,0,0,0,0,968.0,2.0,2023-01-01,2024-01-01,2024-01-01,2024-07-01,0
S841,1,1,0,0,0,0,1,0,0,0,198.0,25.0,2023-01-01,2024-01-01,2024-01-01,2024-07-01,0
S852,1,0,0,1,0,0,0,1,0,0,891.0,26.0,2023-01-01,2024-01-01,2024-01-01,2024-07-01,1
S855,1,1,0,0,0,1,0,0,0,1,654.0,23.0,2023-01-01,2024-01-01,2024-01-01,2024-07-01,0
S857,2,0,0,2,0,2,0,0,1,2,808.5,25.5,2023-01-01,2024-01-01,2024-01-01,2024-07-01,0
S858,1,1,0,0,0,0,0,1,0,0,825.0,27.0,2023-01-01,2024-01-01,2024-01-01,2024-07-01,0
S86,1,0,0,1,0,1,0,0,0,0,990.0,10.0,2023-01-01,2024-01-01,2024-01-01,2024-07-01,1
S861,2,1,0,1,2,0,0,0,0,1,803.5,13.0,2023-01-01,2024-01-01,2024-01-01,2024-07-01,1
S863,1,0,0,1,0,0,0,1,0,0,263.0,24.0,2023-01-01,2024-01-01,2024-01-01,2024-07-01,0
S864,2,1,0,1,1,0,1,0,1,0,600.0,22.0,2023-01-01,2024-01-01,2024-01-01,2024-07-01,0
S871,1,0,0,1,0,1,0,0,0,0,353.0,13.0,2023-01-01,2024-01-01,2024-01-01,2024-07-01,0
S872,4,0,2,2,1,2,1,0,2,2,472.25,11.75,2023-01-01,2024-01-01,2024-01-01,2024-07-01,1
S876,1,0,0,1,0,0,1,0,0,0,377.0,11.0,2023-01-01,2024-01-01,2024-01-01,2024-07-01,0
S878,1,0,0,1,0,0,0,1,0,1,119.0,20.0,2023-01-01,2024-01-01,2024-01-01,2024-07-01,0
S879,2,1,1,0,1,0,1,0,0,2,531.5,21.5,2023-01-01,2024-01-01,2024-01-01,2024-07-01,0
S88,1,0,1,0,1,0,0,0,1,0,426.0,27.0,2023-01-01,2024-01-01,2024-01-01,2024-07-01,0
S881,1,0,0,1,0,0,1,0,0,0,491.0,3.0,2023-01-01,2024-01-01,2024-01-01,2024-07-01,0
S883,1,1,0,0,0,0,1,0,1,1,357.0,17.0,2023-01-01,2024-01-01,2024-01-01,2024-07-01,1
S884,1,0,0,1,0,1,0,0,0,0,939.0,17.0,2023-01-01,2024-01-01,2024-01-01,2024-07-01,0
S892,2,1,1,0,2,0,0,0,0,2,820.0,12.0,2023-01-01,2024-01-01,2024-01-01,2024-07-01,0
S896,2,1,1,0,0,0,0,2,1,1,250.5,17.0,2023-01-01,2024-01-01,2024-01-01,2024-07-01,0
S897,1,0,0,1,0,0,0,1,0,0,673.0,3.0,2023-01-01,2024-01-01,2024-01-01,2024-07-01,0
S898,1,1,0,0,0,0,1,0,0,0,651.0,20.0,2023-01-01,2024-01-01,2024-01-01,2024-07-01,1
S9,1,1,0,0,0,0,1,0,0,0,424.0,6.0,2023-01-01,2024-01-01,2024-01-01,2024-07-01,0
S900,1,1,0,0,0,1,0,0,0,0,852.0,15.0,2023-01-01,2024-01-01,2024-01-01,2024-07-01,0
S907,1,1,0,0,0,0,1,0,0,1,225.0,26.0,2023-01-01,2024-01-01,2024-01-01,2024-07-01,0
S914,1,1,0,0,0,1,0,0,0,0,594.0,17.0,2023-01-01,2024-01-01,2024-01-01,2024-07-01,0
S916,1,1,0,0,1,0,0,0,1,1,382.0,13.0,2023-01-01,2024-01-01,2024-01-01,2024-07-01,0
S92,1,1,0,0,1,0,0,0,0,0,504.0,19.0,2023-01-01,2024-01-01,2024-01-01,2024-07-01,1
S920,1,0,1,0,0,0,0,1,0,1,486.0,17.0,2023-01-01,2024-01-01,2024-01-01,2024-07-01,0
S922,1,1,0,0,0,0,1,0,0,0,280.0,7.0,2023-01-01,2024-01-01,2024-01-01,2024-07-01,0
S928,1,0,0,1,1,0,0,0,0,0,478.0,27.0,2023-01-01,2024-01-01,2024-01-01,2024-07-01,0
S929,1,0,0,1,0,1,0,0,1,0,551.0,17.0,2023-01-01,2024-01-01,2024-01-01,2024-07-01,1
S930,1,0,0,1,0,1,0,0,0,0,211.0,17.0,2023-01-01,2024-01-01,2024-01-01,2024-07-01,0
S932,2,1,1,0,0,2,0,0,1,0,534.5,17.5,2023-01-01,2024-01-01,2024-01-01,2024-07-01,0
S936,1,0,0,1,0,0,1,0,1,0,388.0,17.0,2023-01-01,2024-01-01,2024-01-01,2024-07-01,0
S943,2,2,0,0,0,2,0,0,0,1,852.5,22.5,2023-01-01,2024-01-01,2024-01-01,2024-07-01,0
S946,1,0,0,1,0,0,0,1,1,0,227.0,4.0,2023-01-01,2024-01-01,2024-01-01,2024-07-01,0
S952,1,0,0,1,0,1,0,0,0,0,624.0,24.0,2023-01-01,2024-01-01,2024-01-01,2024-07-01,0
S953,2,0,0,2,1,0,1,0,1,1,461.0,16.0,2023-01-01,2024-01-01,2024-01-01,2024-07-01,0
S955,2,0,2,0,0,2,0,0,1,1,369.5,4.0,2023-01-01,2024-01-01,2024-01-01,2024-07-01,0
S956,2,0,0,2,0,2,0,0,1,0,507.5,18.5,2023-01-01,2024-01-01,2024-01-01,2024-07-01,0
S957,1,0,0,1,0,0,1,0,0,0,582.0,1.0,2023-01-01,2024-01-01,2024-01-01,2024-07-01,1
S958,5,3,0,2,1,2,0,2,1,1,405.8,15.4,2023-01-01,2024-01-01,2024-01-01,2024-07-01,0
S96,1,0,1,0,1,0,0,0,0,1,201.0,17.0,2023-01-01,2024-01-01,2024-01-01,2024-07-01,1
S960,1,0,0,1,1,0,0,0,1,1,548.0,16.0,2023-01-01,2024-01-01,2024-01-01,2024-07-01,0
S961,1,0,0,1,0,0,1,0,0,1,312.0,29.0,2023-01-01,2024-01-01,2024-01-01,2024-07-01,0
S963,1,0,1,0,0,1,0,0,0,1,588.0,23.0,2023-01-01,2024-01-01,2024-01-01,2024-07-01,0
S968,1,0,1,0,0,0,0,1,0,0,902.0,20.0,2023-01-01,2024-01-01,2024-01-01,2024-07-01,0
S973,1,0,1,0,0,0,1,0,1,0,282.0,23.0,2023-01-01,2024-01-01,2024-01-01,2024-07-01,0
S975,1,1,0,0,0,0,0,1,0,1,518.0,4.0,2023-01-01,2024-01-01,2024-01-01,2024-07-01,0
S976,1,0,0,1,0,0,0,1,0,1,414.0,14.0,2023-01-01,2024-01-01,2024-01-01,2024-07-01,0
S981,1,1,0,0,1,0,0,0,0,1,704.0,8.0,2023-01-01,2024-01-01,2024-01-01,2024-07-01,0
S982,1,1,0,0,0,0,1,0,0,1,111.0,20.0,2023-01-01,2024-01-01,2024-01-01,2024-07-01,0
S983,1,0,1,0,1,0,0,0,0,0,172.0,12.0,2023-01-01,2024-01-01,2024-01-01,2024-07-01,0
S987,1,0,1,0,0,0,0,1,1,1,603.0,20.0,2023-01-01,2024-01-01,2024-01-01,2024-07-01,0
S988,1,0,0,1,0,0,1,0,0,0,625.0,26.0,2023-01-01,2024-01-01,2024-01-01,2024-07-01,1
S99,5,2,3,0,1,0,0,4,1,1,500.2,12.8,2023-01-01,2024-01-01,2024-01-01,2024-07-01,0
S990,1,0,1,0,0,1,0,0,1,0,859.0,8.0,2023-01-01,2024-01-01,2024-01-01,2024-07-01,0
S993,1,0,0,1,1,0,0,0,1,0,508.0,14.0,2023-01-01,2024-01-01,2024-01-01,2024-07-01,0
S996,2,0,0,2,0,0,2,0,2,1,536.0,17.5,2023-01-01,2024-01-01,2024-01-01,2024-07-01,0
S997,1,0,0,1,0,0,1,0,1,0,557.0,10.0,2023-01-01,2024-01-01,2024-01-01,2024-07-01,0
S103,1,1,0,0,1,0,0,0,0,0,191.0,18.0,2023-04-01,2024-04-01,2024-04-01,2024-10-01,0
S104,2,0,1,1,0,1,0,1,1,1,518.5,14.5,2023-04-01,2024-04-01,2024-04-01,2024-10-01,0
S106,1,0,0,1,0,1,0,0,0,0,921.0,3.0,2023-04-01,2024-04-01,2024-04-01,2024-10-01,0
S112,1,0,0,1,0,0,1,0,0,1,121.0,22.0,2023-04-01,2024-04-01,2024-04-01,2024-10-01,0
S113,3,1,2,0,0,3,0,0,0,0,607.3333333333334,16.666666666666668,2023-04-01,2024-04-01,2024-04-01,2024-10-01,0
S116,1,0,1,0,0,1,0,0,0,0,466.0,25.0,2023-04-01,2024-04-01,2024-04-01,2024-10-01,0
S117,1,1,0,0,1,0,0,0,1,0,744.0,5.0,2023-04-01,2024-04-01,2024-04-01,2024-10-01,0
S118,1,1,0,0,0,1,0,0,1,0,239.0,2.0,2023-04-01,2024-04-01,2024-04-01,2024-10-01,0
S120,2,1,0,1,2,0,0,0,0,2,265.5,18.5,2023-04-01,2024-04-01,2024-04-01,2024-10-01,0
S123,1,0,1,0,0,0,0,1,0,1,883.0,10.0,2023-04-01,2024-04-01,2024-04-01,2024-10-01,0
S124,1,0,0,1,0,1,0,0,1,0,196.0,9.0,2023-04-01,2024-04-01,2024-04-01,2024-10-01,0
S125,1,1,0,0,0,0,1,0,0,1,748.0,19.0,2023-04-01,2024-04-01,2024-04-01,2024-10-01,0
S127,1,0,0,1,1,0,0,0,0,1,120.0,27.0,2023-04-01,2024-04-01,2024-04-01,2024-10-01,0
S128,1,1,0,0,0,0,0,1,0,0,142.0,10.0,2023-04-01,2024-04-01,2024-04-01,2024-10-01,0
S129,1,1,0,0,1,0,0,0,0,0,184.0,20.0,2023-04-01,2024-04-01,2024-04-01,2024-10-01,0
S130,1,1,0,0,0,0,1,0,0,0,250.0,2.0,2023-04-01,2024-04-01,2024-04-01,2024-10-01,0
S131,1,1,0,0,0,1,0,0,1,1,567.0,14.0,2023-04-01,2024-04-01,2024-04-01,2024-10-01,0
S135,2,1,1,0,0,0,2,0,2,2,546.0,10.5,2023-04-01,2024-04-01,2024-04-01,2024-10-01,0
S139,1,0,1,0,0,0,0,1,0,1,483.0,23.0,2023-04-01,2024-04-01,2024-04-01,2024-10-01,0
S143,1,1,0,0,0,0,0,1,0,1,589.0,17.0,2023-04-01,2024-04-01,2024-04-01,2024-10-01,0
S144,2,2,0,0,1,0,0,1,1,1,656.0,12.0,2023-04-01,2024-04-01,2024-04-01,2024-10-01,1
S147,1,1,0,0,0,0,1,0,1,0,825.0,4.0,2023-04-01,2024-04-01,2024-04-01,2024-10-01,0
S148,1,0,0,1,0,0,0,1,0,0,296.0,27.0,2023-04-01,2024-04-01,2024-04-01,2024-10-01,0
S15,2,2,0,0,1,0,1,0,0,1,267.0,17.0,2023-04-01,2024-04-01,2024-04-01,2024-10-01,0
S150,1,1,0,0,0,1,0,0,1,0,949.0,26.0,2023-04-01,2024-04-01,2024-04-01,2024-10-01,0
S151,1,0,1,0,0,0,1,0,0,1,921.0,28.0,2023-04-01,2024-04-01,2024-04-01,2024-10-01,1
S152,1,1,0,0,0,0,1,0,1,1,830.0,10.0,2023-04-01,2024-04-01,2024-04-01,2024-10-01,0
S153,1,0,1,0,0,1,0,0,0,1,318.0,10.0,2023-04-01,2024-04-01,2024-04-01,2024-10-01,0
S155,1,0,0,1,0,0,0,1,0,1,465.0,6.0,2023-04-01,2024-04-01,2024-04-01,2024-10-01,0
S157,1,0,0,1,0,1,0,0,0,1,665.0,22.0,2023-04-01,2024-04-01,2024-04-01,2024-10-01,0
S158,1,0,1,0,0,0,1,0,0,0,145.0,1.0,2023-04-01,2024-04-01,2024-04-01,2024-10-01,0
S160,2,1,1,0,1,1,0,0,1,2,436.0,26.0,2023-04-01,2024-04-01,2024-04-01,2024-10-01,0
S161,2,1,0,1,0,0,1,1,0,0,430.0,9.0,2023-04-01,2024-04-01,2024-04-01,2024-10-01,0
S163,1,1,0,0,0,0,0,1,0,0,502.0,4.0,2023-04-01,2024-04-01,2024-04-01,2024-10-01,0
S17,1,0,0,1,0,0,1,0,0,1,519.0,21.0,2023-04-01,2024-04-01,2024-04-01,2024-10-01,0
S171,1,1,0,0,0,0,0,1,1,1,588.0,20.0,2023-04-01,2024-04-01,2024-04-01,2024-10-01,0
S172,1,0,0,1,1,0,0,0,0,0,172.0,23.0,2023-04-01,2024-04-01,2024-04-01,2024-10-01,0
S176,1,0,0,1,0,1,0,0,0,1,430.0,11.0,2023-04-01,2024-04-01,2024-04-01,2024-10-01,0
S18,1,0,1,0,1,0,0,0,0,0,476.0,19.0,2023-04-01,2024-04-01,2024-04-01,2024-10-01,0
S181,1,0,0,1,0,1,0,0,1,1,855.0,15.0,2023-04-01,2024-04-01,2024-04-01,2024-10-01,0
S184,1,0,1,0,0,0,0,1,0,1,725.0,15.0,2023-04-01,2024-04-01,2024-04-01,2024-10-01,0
S187,1,0,0,1,0,1,0,0,1,0,616.0,12.0,2023-04-01,2024-04-01,2024-04-01,2024-10-01,0
S188,1,1,0,0,1,0,0,0,0,1,924.0,15.0,2023-04-01,2024-04-01,2024-04-01,2024-10-01,0
S190,2,1,0,1,0,0,2,0,1,0,631.0,8.5,2023-04-01,2024-04-01,2024-04-01,2024-10-01,0
S191,1,0,0,1,0,0,0,1,0,0,370.0,25.0,2023-04-01,2024-04-01,2024-04-01,2024-10-01,0
S192,1,1,0,0,1,0,0,0,0,1,182.0,20.0,2023-04-01,2024-04-01,2024-04-01,2024-10-01,0
S195,1,1,0,0,1,0,0,0,0,0,659.0,27.0,2023-04-01,2024-04-01,2024-04-01,2024-10-01,0
S196,1,1,0,0,0,0,1,0,0,0,629.0,4.0,2023-04-01,2024-04-01,2024-04-01,2024-10-01,1
S198,1,0,0,1,0,0,1,0,0,1,212.0,8.0,2023-04-01,2024-04-01,2024-04-01,2024-10-01,0
S2,2,0,1,1,0,1,1,0,0,1,537.5,28.0,2023-04-01,2024-04-01,2024-04-01,2024-10-01,0
S20,1,0,0,1,1,0,0,0,1,0,486.0,2.0,2023-04-01,2024-04-01,2024-04-01,2024-10-01,0
S201,2,1,1,0,1,1,0,0,0,0,650.5,14.5,2023-04-01,2024-04-01,2024-04-01,2024-10-01,0
S203,1,1,0,0,0,1,0,0,0,0,550.0,17.0,2023-04-01,2024-04-01,2024-04-01,2024-10-01,0
S207,1,1,0,0,0,0,1,0,0,0,579.0,24.0,2023-04-01,2024-04-01,2024-04-01,2024-10-01,0
S208,1,1,0,0,1,0,0,0,0,1,573.0,6.0,2023-04-01,2024-04-01,2024-04-01,2024-10-01,0
S217,1,0,0,1,0,0,1,0,0,1,929.0,4.0,2023-04-01,2024-04-01,2024-04-01,2024-10-01,1
S218,1,0,1,0,0,0,0,1,0,1,131.0,14.0,2023-04-01,2024-04-01,2024-04-01,2024-10-01,0
S22,1,0,1,0,0,1,0,0,1,0,164.0,29.0,2023-04-01,2024-04-01,2024-04-01,2024-10-01,0
S220,2,0,1,1,1,0,1,0,0,1,513.5,18.5,2023-04-01,2024-04-01,2024-04-01,2024-10-01,1
S225,3,2,1,0,2,0,1,0,0,2,582.0,18.666666666666668,2023-04-01,2024-04-01,2024-04-01,2024-10-01,0
S226,1,0,0,1,0,0,0,1,0,0,889.0,14.0,2023-04-01,2024-04-01,2024-04-01,2024-10-01,0
S227,1,1,0,0,1,0,0,0,0,1,265.0,7.0,2023-04-01,2024-04-01,2024-04-01,2024-10-01,0
S230,1,0,1,0,1,0,0,0,0,1,920.0,22.0,2023-04-01,2024-04-01,2024-04-01,2024-10-01,1
S231,3,1,2,0,1,1,0,1,2,2,482.6666666666667,21.0,2023-04-01,2024-04-01,2024-04-01,2024-10-01,0
S233,2,2,0,0,0,0,1,1,0,1,642.0,7.0,2023-04-01,2024-04-01,2024-04-01,2024-10-01,0
S234,1,0,0,1,0,1,0,0,0,0,950.0,4.0,2023-04-01,2024-04-01,2024-04-01,2024-10-01,0
S241,1,0,1,0,0,1,0,0,0,1,734.0,5.0,2023-04-01,2024-04-01,2024-04-01,2024-10-01,0
S243,1,0,0,1,0,1,0,0,1,0,522.0,17.0,2023-04-01,2024-04-01,2024-04-01,2024-10-01,0
S246,1,0,0,1,0,0,0,1,0,0,260.0,19.0,2023-04-01,2024-04-01,2024-04-01,2024-10-01,0
S247,1,0,1,0,0,0,1,0,0,1,618.0,19.0,2023-04-01,2024-04-01,2024-04-01,2024-10-01,1
S253,1,1,0,0,0,1,0,0,1,0,743.0,8.0,2023-04-01,2024-04-01,2024-04-01,2024-10-01,1
S254,2,2,0,0,0,1,1,0,0,2,493.0,21.0,2023-04-01,2024-04-01,2024-04-01,2024-10-01,1
S256,1,0,1,0,0,0,0,1,0,0,959.0,11.0,2023-04-01,2024-04-01,2024-04-01,2024-10-01,0
S259,1,0,1,0,0,0,1,0,1,0,164.0,11.0,2023-04-01,2024-04-01,2024-04-01,2024-10-01,0
S263,1,0,1,0,0,0,1,0,0,0,891.0,27.0,2023-04-01,2024-04-01,2024-04-01,2024-10-01,0
S264,1,0,0,1,0,0,0,1,1,1,725.0,1.0,2023-04-01,2024-04-01,2024-04-01,2024-10-01,0
S268,1,1,0,0,0,1,0,0,0,0,988.0,11.0,2023-04-01,2024-04-01,2024-04-01,2024-10-01,0
S269,1,0,1,0,0,0,1,0,0,0,234.0,13.0,2023-04-01,2024-04-01,2024-04-01,2024-10-01,0
S27,1,0,0,1,0,1,0,0,1,0,347.0,29.0,2023-04-01,2024-04-01,2024-04-01,2024-10-01,0
S277,2,1,1,0,1,0,0,1,1,0,600.0,18.0,2023-04-01,2024-04-01,2024-04-01,2024-10-01,0
S28,2,1,0,1,1,0,1,0,0,1,548.5,26.0,2023-04-01,2024-04-01,2024-04-01,2024-10-01,0
S280,2,2,0,0,0,1,1,0,1,2,746.5,9.0,2023-04-01,2024-04-01,2024-04-01,2024-10-01,0
S283,2,1,0,1,0,1,0,1,1,1,582.5,13.0,2023-04-01,2024-04-01,2024-04-01,2024-10-01,0
S284,1,1,0,0,0,0,0,1,0,1,124.0,21.0,2023-04-01,2024-04-01,2024-04-01,2024-10-01,0
S288,1,0,0,1,1,0,0,0,0,1,210.0,8.0,2023-04-01,2024-04-01,2024-04-01,2024-10-01,0
S289,1,0,0,1,0,0,1,0,0,0,610.0,22.0,2023-04-01,2024-04-01,2024-04-01,2024-10-01,0
S294,1,0,0,1,0,0,0,1,1,1,309.0,23.0,2023-04-01,2024-04-01,2024-04-01,2024-10-01,0
S298,1,1,0,0,0,1,0,0,0,0,503.0,25.0,2023-04-01,2024-04-01,2024-04-01,2024-10-01,0
S302,1,0,0,1,0,0,1,0,0,0,518.0,9.0,2023-04-01,2024-04-01,2024-04-01,2024-10-01,1
S304,1,1,0,0,0,1,0,0,0,1,768.0,13.0,2023-04-01,2024-04-01,2024-04-01,2024-10-01,0
S305,1,1,0,0,0,0,0,1,0,0,869.0,8.0,2023-04-01,2024-04-01,2024-04-01,2024-10-01,0
S314,1,1,0,0,0,0,1,0,1,1,667.0,28.0,2023-04-01,2024-04-01,2024-04-01,2024-10-01,0
S318,1,0,1,0,0,1,0,0,1,1,963.0,10.0,2023-04-01,2024-04-01,2024-04-01,2024-10-01,0
S321,1,0,0,1,1,0,0,0,0,0,969.0,6.0,2023-04-01,2024-04-01,2024-04-01,2024-10-01,0
S323,2,1,1,0,0,0,1,1,0,0,831.5,4.5,2023-04-01,2024-04-01,2024-04-01,2024-10-01,0
S326,1,0,1,0,0,1,0,0,0,0,668.0,12.0,2023-04-01,2024-04-01,2024-04-01,2024-10-01,0
S33,2,0,2,0,0,0,1,1,0,1,526.0,16.5,2023-04-01,2024-04-01,2024-04-01,2024-10-01,0
S331,1,0,1,0,0,1,0,0,1,0,240.0,24.0,2023-04-01,2024-04-01,2024-04-01,2024-10-01,0
S338,2,1,1,0,0,1,0,1,2,0,722.5,16.0,2023-04-01,2024-04-01,2024-04-01,2024-10-01,0
S340,1,1,0,0,0,1,0,0,0,1,780.0,20.0,2023-04-01,2024-04-01,2024-04-01,2024-10-01,0
S342,1,0,1,0,0,1,0,0,0,1,952.0,14.0,2023-04-01,2024-04-01,2024-04-01,2024-10-01,1
S344,1,0,1,0,0,0,1,0,1,0,714.0,18.0,2023-04-01,2024-04-01,2024-04-01,2024-10-01,0
S346,3,1,0,2,0,1,0,2,1,0,835.0,19.666666666666668,2023-04-01,2024-04-01,2024-04-01,2024-10-01,0
S348,1,0,1,0,0,0,1,0,1,0,439.0,15.0,2023-04-01,2024-04-01,2024-04-01,2024-10-01,0
S349,2,0,1,1,0,0,2,0,1,1,160.5,10.5,2023-04-01,2024-04-01,2024-04-01,2024-10-01,0
S350,1,0,0,1,1,0,0,0,1,1,238.0,15.0,2023-04-01,2024-04-01,2024-04-01,2024-10-01,0
S354,1,0,1,0,0,0,1,0,0,1,172.0,4.0,2023-04-01,2024-04-01,2024-04-01,2024-10-01,0
S359,1,0,1,0,0,0,0,1,0,1,948.0,14.0,2023-04-01,2024-04-01,2024-04-01,2024-10-01,0
S36,2,0,1,1,0,1,1,0,1,1,395.0,6.5,2023-04-01,2024-04-01,2024-04-01,2024-10-01,0
S365,1,0,1,0,1,0,0,0,1,1,178.0,18.0,2023-04-01,2024-04-01,2024-04-01,2024-10-01,0
S37,2,1,0,1,1,0,1,0,0,1,543.0,12.5,2023-04-01,2024-04-01,2024-04-01,2024-10-01,0
S370,1,0,1,0,0,1,0,0,0,1,672.0,25.0,2023-04-01,2024-04-01,2024-04-01,2024-10-01,0
S373,1,0,0,1,0,0,0,1,1,1,361.0,9.0,2023-04-01,2024-04-01,2024-04-01,2024-10-01,0
S374,1,0,0,1,0,1,0,0,0,1,177.0,26.0,2023-04-01,2024-04-01,2024-04-01,2024-10-01,0
S375,1,0,1,0,0,0,0,1,0,1,551.0,25.0,2023-04-01,2024-04-01,2024-04-01,2024-10-01,0
S377,1,0,1,0,1,0,0,0,0,1,660.0,8.0,2023-04-01,2024-04-01,2024-04-01,2024-10-01,0
S379,1,0,0,1,0,0,0,1,0,1,519.0,20.0,2023-04-01,2024-04-01,2024-04-01,2024-10-01,0
S38,1,0,0,1,0,0,1,0,0,0,365.0,2.0,2023-04-01,2024-04-01,2024-04-01,2024-10-01,0
S380,1,1,0,0,0,0,1,0,1,0,608.0,8.0,2023-04-01,2024-04-01,2024-04-01,2024-10-01,1
S385,2,0,1,1,1,0,0,1,0,0,434.0,17.5,2023-04-01,2024-04-01,2024-04-01,2024-10-01,0
S386,2,1,1,0,0,0,0,2,1,2,345.0,9.0,2023-04-01,2024-04-01,2024-04-01,2024-10-01,0
S387,1,1,0,0,0,1,0,0,0,1,552.0,6.0,2023-04-01,2024-04-01,2024-04-01,2024-10-01,0
S39,1,0,0,1,0,1,0,0,1,1,627.0,24.0,2023-04-01,2024-04-01,2024-04-01,2024-10-01,1
S392,2,0,2,0,1,0,1,0,0,0,747.0,11.5,2023-04-01,2024-04-01,2024-04-01,2024-10-01,0
S393,3,0,2,1,1,0,2,0,2,1,673.3333333333334,16.0,2023-04-01,2024-04-01,2024-04-01,2024-10-01,0
S398,2,0,1,1,1,1,0,0,0,0,900.0,12.0,2023-04-01,2024-04-01,2024-04-01,2024-10-01,0
S400,1,0,1,0,0,0,0,1,0,0,702.0,19.0,2023-04-01,2024-04-01,2024-04-01,2024-10-01,0
S401,2,0,0,2,0,0,1,1,0,1,559.5,20.5,2023-04-01,2024-04-01,2024-04-01,2024-10-01,0
S403,2,1,0,1,0,0,2,0,1,2,350.0,19.5,2023-04-01,2024-04-01,2024-04-01,2024-10-01,0
S404,1,0,1,0,1,0,0,0,1,0,524.0,3.0,2023-04-01,2024-04-01,2024-04-01,2024-10-01,0
S407,2,0,0,2,1,0,1,0,0,1,654.5,15.0,2023-04-01,2024-04-01,2024-04-01,2024-10-01,0
S408,1,0,0,1,1,0,0,0,0,1,738.0,28.0,2023-04-01,2024-04-01,2024-04-01,2024-10-01,0
S41,2,0,2,0,1,0,0,1,2,1,862.0,23.0,2023-04-01,2024-04-01,2024-04-01,2024-10-01,0
S411,1,1,0,0,0,0,0,1,1,0,199.0,24.0,2023-04-01,2024-04-01,2024-04-01,2024-10-01,0
S415,1,1,0,0,0,0,0,1,0,1,576.0,7.0,2023-04-01,2024-04-01,2024-04-01,2024-10-01,0
S416,1,0,1,0,0,0,1,0,0,1,939.0,18.0,2023-04-01,2024-04-01,2024-04-01,2024-10-01,0
S419,1,0,1,0,1,0,0,0,0,1,137.0,8.0,2023-04-01,2024-04-01,2024-04-01,2024-10-01,0
S420,1,0,0,1,0,1,0,0,0,1,307.0,25.0,2023-04-01,2024-04-01,2024-04-01,2024-10-01,0
S422,1,0,0,1,0,0,0,1,1,0,613.0,9.0,2023-04-01,2024-04-01,2024-04-01,2024-10-01,0
S438,1,0,0,1,1,0,0,0,1,0,761.0,7.0,2023-04-01,2024-04-01,2024-04-01,2024-10-01,0
S439,1,0,0,1,1,0,0,0,0,0,474.0,8.0,2023-04-01,2024-04-01,2024-04-01,2024-10-01,0
S442,1,0,1,0,1,0,0,0,0,1,414.0,2.0,2023-04-01,2024-04-01,2024-04-01,2024-10-01,0
S444,1,0,1,0,0,0,0,1,1,0,841.0,18.0,2023-04-01,2024-04-01,2024-04-01,2024-10-01,0
S453,2,1,1,0,1,1,0,0,1,1,410.5,16.5,2023-04-01,2024-04-01,2024-04-01,2024-10-01,0
S456,1,0,1,0,1,0,0,0,0,0,882.0,29.0,2023-04-01,2024-04-01,2024-04-01,2024-10-01,0
S46,1,1,0,0,0,0,0,1,0,1,899.0,20.0,2023-04-01,2024-04-01,2024-04-01,2024-10-01,0
S460,1,0,1,0,0,0,0,1,0,1,158.0,7.0,2023-04-01,2024-04-01,2024-04-01,2024-10-01,0
S461,1,1,0,0,0,0,0,1,0,1,935.0,24.0,2023-04-01,2024-04-01,2024-04-01,2024-10-01,0
S462,1,1,0,0,1,0,0,0,0,0,371.0,20.0,2023-04-01,2024-04-01,2024-04-01,2024-10-01,0
S464,1,0,1,0,0,0,1,0,1,1,945.0,6.0,2023-04-01,2024-04-01,2024-04-01,2024-10-01,0
S47,1,1,0,0,0,0,1,0,0,1,797.0,16.0,2023-04-01,2024-04-01,2024-04-01,2024-10-01,1
S470,1,1,0,0,0,1,0,0,0,0,512.0,28.0,2023-04-01,2024-04-01,2024-04-01,2024-10-01,0
S471,1,0,1,0,0,1,0,0,0,0,593.0,26.0,2023-04-01,2024-04-01,2024-04-01,2024-10-01,0
S472,2,0,1,1,0,1,0,1,0,1,340.0,17.0,2023-04-01,2024-04-01,2024-04-01,2024-10-01,0
S473,3,0,3,0,1,1,1,0,1,1,482.3333333333333,13.333333333333334,2023-04-01,2024-04-01,2024-04-01,2024-10-01,0
S474,1,0,0,1,0,0,0,1,0,0,440.0,24.0,2023-04-01,2024-04-01,2024-04-01,2024-10-01,0
S477,2,0,2,0,1,1,0,0,1,0,577.0,21.0,2023-04-01,2024-04-01,2024-04-01,2024-10-01,0
S48,1,0,0,1,0,1,0,0,0,1,305.0,2.0,2023-04-01,2024-04-01,2024-04-01,2024-10-01,0
S481,1,0,1,0,0,0,0,1,1,0,980.0,23.0,2023-04-01,2024-04-01,2024-04-01,2024-10-01,0
S485,1,1,0,0,0,0,1,0,1,0,290.0,25.0,2023-04-01,2024-04-01,2024-04-01,2024-10-01,0
S489,1,1,0,0,0,0,1,0,0,0,778.0,13.0,2023-04-01,2024-04-01,2024-04-01,2024-10-01,0
S49,1,0,0,1,0,0,0,1,0,1,996.0,10.0,2023-04-01,2024-04-01,2024-04-01,2024-10-01,0
S490,2,1,1,0,0,0,1,1,0,2,218.0,4.0,2023-04-01,2024-04-01,2024-04-01,2024-10-01,0
S493,1,1,0,0,0,0,0,1,0,0,860.0,12.0,2023-04-01,2024-04-01,2024-04-01,2024-10-01,1
S497,2,1,0,1,1,1,0,0,1,0,808.0,19.0,2023-04-01,2024-04-01,2024-04-01,2024-10-01,1
S499,1,0,1,0,1,0,0,0,1,0,790.0,27.0,2023-04-01,2024-04-01,2024-04-01,2024-10-01,1
S5,2,1,1,0,2,0,0,0,1,2,367.5,16.0,2023-04-01,2024-04-01,2024-04-01,2024-10-01,0
S503,2,2,0,0,1,0,1,0,0,0,413.0,7.5,2023-04-01,2024-04-01,2024-04-01,2024-10-01,0
S504,1,1,0,0,0,1,0,0,0,0,877.0,23.0,2023-04-01,2024-04-01,2024-04-01,2024-10-01,0
S506,2,1,0,1,0,1,1,0,1,2,451.5,13.0,2023-04-01,2024-04-01,2024-04-01,2024-10-01,0
S51,1,0,1,0,1,0,0,0,0,0,468.0,9.0,2023-04-01,2024-04-01,2024-04-01,2024-10-01,0
S510,2,0,2,0,1,0,0,1,2,0,260.0,16.0,2023-04-01,2024-04-01,2024-04-01,2024-10-01,0
S511,2,0,1,1,0,0,1,1,1,1,391.0,17.0,2023-04-01,2024-04-01,2024-04-01,2024-10-01,1
S512,2,0,1,1,0,2,0,0,1,2,868.0,8.5,2023-04-01,2024-04-01,2024-04-01,2024-10-01,0
S513,1,1,0,0,1,0,0,0,0,1,694.0,9.0,2023-04-01,2024-04-01,2024-04-01,2024-10-01,0
S516,1,0,1,0,0,0,1,0,1,1,236.0,15.0,2023-04-01,2024-04-01,2024-04-01,2024-10-01,1
S518,1,0,0,1,0,0,0,1,0,0,275.0,22.0,2023-04-01,2024-04-01,2024-04-01,2024-10-01,0
S521,1,0,0,1,0,0,1,0,0,1,490.0,14.0,2023-04-01,2024-04-01,2024-04-01,2024-10-01,0
S525,2,1,1,0,0,0,1,1,0,1,333.5,24.0,2023-04-01,2024-04-01,2024-04-01,2024-10-01,1
S53,2,1,0,1,0,0,2,0,1,2,482.0,10.5,2023-04-01,2024-04-01,2024-04-01,2024-10-01,0
S538,1,0,0,1,1,0,0,0,0,0,602.0,2.0,2023-04-01,2024-04-01,2024-04-01,2024-10-01,0
S54,2,2,0,0,0,1,0,1,1,1,537.5,6.5,2023-04-01,2024-04-01,2024-04-01,2024-10-01,0
S541,1,0,0,1,1,0,0,0,0,0,994.0,28.0,2023-04-01,2024-04-01,2024-04-01,2024-10-01,0
S547,2,1,0,1,1,0,0,1,2,1,192.0,8.5,2023-04-01,2024-04-01,2024-04-01,2024-10-01,0
S551,1,1,0,0,0,1,0,0,0,0,183.0,6.0,2023-04-01,2024-04-01,2024-04-01,2024-10-01,0
S554,1,1,0,0,0,0,0,1,0,0,604.0,21.0,2023-04-01,2024-04-01,2024-04-01,2024-10-01,0
S556,1,0,1,0,1,0,0,0,0,0,862.0,27.0,2023-04-01,2024-04-01,2024-04-01,2024-10-01,0
S557,1,1,0,0,0,0,0,1,1,1,477.0,11.0,2023-04-01,2024-04-01,2024-04-01,2024-10-01,0
S560,1,1,0,0,0,0,0,1,0,1,543.0,23.0,2023-04-01,2024-04-01,2024-04-01,2024-10-01,0
S563,1,0,0,1,0,1,0,0,0,0,414.0,17.0,2023-04-01,2024-04-01,2024-04-01,2024-10-01,0
S564,2,0,2,0,1,0,1,0,1,2,959.0,16.5,2023-04-01,2024-04-01,2024-04-01,2024-10-01,0
S566,2,1,0,1,0,2,0,0,1,1,650.5,6.0,2023-04-01,2024-04-01,2024-04-01,2024-10-01,0
S570,2,0,1,1,0,0,0,2,1,0,439.0,10.0,2023-04-01,2024-04-01,2024-04-01,2024-10-01,0
S572,2,1,0,1,1,0,0,1,1,2,693.0,14.5,2023-04-01,2024-04-01,2024-04-01,2024-10-01,0
S574,2,0,1,1,0,0,0,2,0,1,430.5,14.0,2023-04-01,2024-04-01,2024-04-01,2024-10-01,0
S575,2,1,0,1,0,1,0,1,0,1,664.0,15.5,2023-04-01,2024-04-01,2024-04-01,2024-10-01,0
S578,1,0,0,1,1,0,0,0,0,0,100.0,19.0,2023-04-01,2024-04-01,2024-04-01,2024-10-01,0
S58,2,1,1,0,0,0,0,2,0,0,311.0,5.5,2023-04-01,2024-04-01,2024-04-01,2024-10-01,0
S580,1,0,0,1,0,1,0,0,0,1,408.0,24.0,2023-04-01,2024-04-01,2024-04-01,2024-10-01,0
S587,1,1,0,0,0,0,0,1,1,1,197.0,29.0,2023-04-01,2024-04-01,2024-04-01,2024-10-01,0
S593,1,0,0,1,1,0,0,0,0,0,441.0,11.0,2023-04-01,2024-04-01,2024-04-01,2024-10-01,0
S604,1,1,0,0,0,0,1,0,0,0,853.0,20.0,2023-04-01,2024-04-01,2024-04-01,2024-10-01,0
S607,1,0,0,1,0,1,0,0,0,0,606.0,12.0,2023-04-01,2024-04-01,2024-04-01,2024-10-01,1
S608,1,0,1,0,0,0,0,1,0,0,900.0,4.0,2023-04-01,2024-04-01,2024-04-01,2024-10-01,0
S609,2,0,1,1,0,1,0,1,0,2,376.0,12.0,2023-04-01,2024-04-01,2024-04-01,2024-10-01,0
S610,1,0,0,1,0,0,1,0,1,0,223.0,9.0,2023-04-01,2024-04-01,2024-04-01,2024-10-01,0
S611,1,0,0,1,0,1,0,0,0,1,128.0,13.0,2023-04-01,2024-04-01,2024-04-01,2024-10-01,0
S613,3,1,1,1,0,1,1,1,1,0,658.0,16.666666666666668,2023-04-01,2024-04-01,2024-04-01,2024-10-01,0
S620,2,1,1,0,0,1,0,1,0,1,582.5,13.0,2023-04-01,2024-04-01,2024-04-01,2024-10-01,0
S624,1,1,0,0,0,0,0,1,1,0,460.0,28.0,2023-04-01,2024-04-01,2024-04-01,2024-10-01,0
S625,2,1,0,1,0,1,0,1,0,2,466.5,9.5,2023-04-01,2024-04-01,2024-04-01,2024-10-01,0
S626,1,0,1,0,0,0,1,0,0,1,250.0,21.0,2023-04-01,2024-04-01,2024-04-01,2024-10-01,0
S628,2,1,0,1,1,0,0,1,0,0,542.5,25.5,2023-04-01,2024-04-01,2024-04-01,2024-10-01,0
S63,1,0,0,1,0,0,0,1,0,0,614.0,1.0,2023-04-01,2024-04-01,2024-04-01,2024-10-01,0
S633,1,0,0,1,1,0,0,0,0,1,274.0,12.0,2023-04-01,2024-04-01,2024-04-01,2024-10-01,0
S634,1,0,0,1,0,1,0,0,1,0,695.0,12.0,2023-04-01,2024-04-01,2024-04-01,2024-10-01,1
S636,1,1,0,0,0,0,1,0,0,0,974.0,2.0,2023-04-01,2024-04-01,2024-04-01,2024-10-01,0
S638,2,1,1,0,1,1,0,0,0,0,411.0,19.5,2023-04-01,2024-04-01,2024-04-01,2024-10-01,0
S639,1,0,0,1,0,0,0,1,0,1,836.0,18.0,2023-04-01,2024-04-01,2024-04-01,2024-10-01,0
S640,3,1,0,2,0,2,1,0,1,2,588.3333333333334,10.0,2023-04-01,2024-04-01,2024-04-01,2024-10-01,0
S641,2,0,1,1,0,0,1,1,1,2,705.0,20.0,2023-04-01,2024-04-01,2024-04-01,2024-10-01,0
S642,1,1,0,0,0,1,0,0,0,0,815.0,23.0,2023-04-01,2024-04-01,2024-04-01,2024-10-01,0
S643,1,1,0,0,1,0,0,0,0,1,670.0,20.0,2023-04-01,2024-04-01,2024-04-01,2024-10-01,0
S646,1,0,1,0,0,0,0,1,1,0,737.0,7.0,2023-04-01,2024-04-01,2024-04-01,2024-10-01,0
S648,1,1,0,0,0,1,0,0,0,0,416.0,18.0,2023-04-01,2024-04-01,2024-04-01,2024-10-01,1
S649,1,0,1,0,1,0,0,0,0,0,643.0,28.0,2023-04-01,2024-04-01,2024-04-01,2024-10-01,0
S65,1,1,0,0,0,0,0,1,1,1,924.0,17.0,2023-04-01,2024-04-01,2024-04-01,2024-10-01,0
S652,1,0,1,0,0,0,1,0,0,1,116.0,2.0,2023-04-01,2024-04-01,2024-04-01,2024-10-01,0
S654,1,1,0,0,0,1,0,0,1,0,849.0,20.0,2023-04-01,2024-04-01,2024-04-01,2024-10-01,0
S655,1,0,1,0,0,0,0,1,0,1,180.0,14.0,2023-04-01,2024-04-01,2024-04-01,2024-10-01,0
S656,1,1,0,0,0,0,1,0,0,1,355.0,14.0,2023-04-01,2024-04-01,2024-04-01,2024-10-01,0
S657,1,0,1,0,0,1,0,0,0,0,306.0,22.0,2023-04-01,2024-04-01,2024-04-01,2024-10-01,0
S659,3,0,1,2,1,1,1,0,0,2,877.0,17.333333333333332,2023-04-01,2024-04-01,2024-04-01,2024-10-01,0
S660,1,1,0,0,1,0,0,0,1,1,987.0,7.0,2023-04-01,2024-04-01,2024-04-01,2024-10-01,0
S663,1,0,0,1,1,0,0,0,0,1,146.0,6.0,2023-04-01,2024-04-01,2024-04-01,2024-10-01,1
S664,1,1,0,0,0,0,0,1,0,0,983.0,13.0,2023-04-01,2024-04-01,2024-04-01,2024-10-01,1
S665,1,1,0,0,0,0,1,0,1,1,895.0,4.0,2023-04-01,2024-04-01,2024-04-01,2024-10-01,0
S670,2,0,2,0,0,2,0,0,1,2,220.0,24.5,2023-04-01,2024-04-01,2024-04-01,2024-10-01,0
S672,2,2,0,0,0,1,0,1,1,2,953.5,23.5,2023-04-01,2024-04-01,2024-04-01,2024-10-01,0
S673,1,0,0,1,0,0,0,1,1,0,682.0,12.0,2023-04-01,2024-04-01,2024-04-01,2024-10-01,0
S675,1,0,0,1,0,0,0,1,1,1,943.0,12.0,2023-04-01,2024-04-01,2024-04-01,2024-10-01,1
S677,1,0,1,0,0,0,0,1,0,0,227.0,7.0,2023-04-01,2024-04-01,2024-04-01,2024-10-01,0
S681,1,1,0,0,0,1,0,0,0,1,466.0,15.0,2023-04-01,2024-04-01,2024-04-01,2024-10-01,0
S682,3,0,3,0,1,1,0,1,1,1,626.6666666666666,20.666666666666668,2023-04-01,2024-04-01,2024-04-01,2024-10-01,0
S684,3,2,0,1,0,2,0,1,1,1,485.3333333333333,19.666666666666668,2023-04-01,2024-04-01,2024-04-01,2024-10-01,0
S685,1,0,1,0,1,0,0,0,1,1,785.0,28.0,2023-04-01,2024-04-01,2024-04-01,2024-10-01,0
S686,1,1,0,0,0,0,1,0,0,1,468.0,29.0,2023-04-01,2024-04-01,2024-04-01,2024-10-01,0
S688,1,0,1,0,0,0,0,1,0,1,199.0,13.0,2023-04-01,2024-04-01,2024-04-01,2024-10-01,0
S691,1,0,1,0,0,0,0,1,0,0,659.0,9.0,2023-04-01,2024-04-01,2024-04-01,2024-10-01,1
S692,2,1,1,0,1,0,1,0,1,1,672.0,24.0,2023-04-01,2024-04-01,2024-04-01,2024-10-01,0
S698,1,1,0,0,0,0,1,0,1,1,964.0,23.0,2023-04-01,2024-04-01,2024-04-01,2024-10-01,0
S699,2,0,2,0,0,1,1,0,0,2,563.0,14.5,2023-04-01,2024-04-01,2024-04-01,2024-10-01,1
S700,1,0,0,1,0,1,0,0,0,0,226.0,13.0,2023-04-01,2024-04-01,2024-04-01,2024-10-01,0
S706,1,0,1,0,0,0,1,0,1,0,247.0,17.0,2023-04-01,2024-04-01,2024-04-01,2024-10-01,0
S710,2,1,0,1,2,0,0,0,1,1,492.5,12.0,2023-04-01,2024-04-01,2024-04-01,2024-10-01,0
S711,1,0,1,0,1,0,0,0,1,0,549.0,8.0,2023-04-01,2024-04-01,2024-04-01,2024-10-01,0
S720,1,1,0,0,0,1,0,0,1,0,695.0,1.0,2023-04-01,2024-04-01,2024-04-01,2024-10-01,0
S726,1,0,0,1,0,0,1,0,0,1,627.0,22.0,2023-04-01,2024-04-01,2024-04-01,2024-10-01,0
S727,1,0,0,1,1,0,0,0,0,1,718.0,20.0,2023-04-01,2024-04-01,2024-04-01,2024-10-01,1
S728,1,1,0,0,1,0,0,0,0,1,478.0,11.0,2023-04-01,2024-04-01,2024-04-01,2024-10-01,0
S730,1,1,0,0,1,0,0,0,0,0,121.0,13.0,2023-04-01,2024-04-01,2024-04-01,2024-10-01,0
S734,1,1,0,0,0,1,0,0,1,0,932.0,23.0,2023-04-01,2024-04-01,2024-04-01,2024-10-01,1
S735,1,0,1,0,0,0,0,1,0,1,269.0,7.0,2023-04-01,2024-04-01,2024-04-01,2024-10-01,1
S736,1,0,1,0,0,0,0,1,0,1,188.0,25.0,2023-04-01,2024-04-01,2024-04-01,2024-10-01,1
S739,1,1,0,0,0,0,0,1,1,1,409.0,8.0,2023-04-01,2024-04-01,2024-04-01,2024-10-01,1
S741,1,1,0,0,0,0,1,0,1,0,137.0,3.0,2023-04-01,2024-04-01,2024-04-01,2024-10-01,0
S743,1,0,0,1,0,0,0,1,0,1,252.0,20.0,2023-04-01,2024-04-01,2024-04-01,2024-10-01,0
S745,2,1,0,1,0,1,1,0,0,1,616.0,10.0,2023-04-01,2024-04-01,2024-04-01,2024-10-01,0
S749,1,0,0,1,0,0,0,1,0,0,903.0,21.0,2023-04-01,2024-04-01,2024-04-01,2024-10-01,0
S750,1,1,0,0,0,1,0,0,0,0,694.0,16.0,2023-04-01,2024-04-01,2024-04-01,2024-10-01,1
S751,1,0,1,0,0,0,0,1,0,0,902.0,21.0,2023-04-01,2024-04-01,2024-04-01,2024-10-01,1
S752,1,1,0,0,0,0,0,1,0,0,430.0,21.0,2023-04-01,2024-04-01,2024-04-01,2024-10-01,0
S759,1,1,0,0,0,0,1,0,0,0,403.0,19.0,2023-04-01,2024-04-01,2024-04-01,2024-10-01,1
S764,3,1,0,2,1,1,0,1,1,0,458.3333333333333,10.666666666666666,2023-04-01,2024-04-01,2024-04-01,2024-10-01,0
S767,2,0,2,0,0,1,1,0,1,1,269.5,11.0,2023-04-01,2024-04-01,2024-04-01,2024-10-01,0
S769,1,0,1,0,1,0,0,0,0,0,898.0,23.0,2023-04-01,2024-04-01,2024-04-01,2024-10-01,0
S771,1,0,0,1,0,0,1,0,1,0,217.0,28.0,2023-04-01,2024-04-01,2024-04-01,2024-10-01,0
S773,1,0,0,1,0,1,0,0,1,1,850.0,6.0,2023-04-01,2024-04-01,2024-04-01,2024-10-01,0
S774,1,0,0,1,0,0,0,1,0,0,965.0,6.0,2023-04-01,2024-04-01,2024-04-01,2024-10-01,0
S776,2,1,0,1,1,0,1,0,2,1,795.5,18.0,2023-04-01,2024-04-01,2024-04-01,2024-10-01,0
S779,1,0,1,0,1,0,0,0,0,0,314.0,28.0,2023-04-01,2024-04-01,2024-04-01,2024-10-01,0
S780,1,1,0,0,0,0,0,1,0,1,636.0,5.0,2023-04-01,2024-04-01,2024-04-01,2024-10-01,1
S783,1,1,0,0,1,0,0,0,0,0,222.0,1.0,2023-04-01,2024-04-01,2024-04-01,2024-10-01,0
S785,1,0,1,0,0,0,1,0,0,1,395.0,22.0,2023-04-01,2024-04-01,2024-04-01,2024-10-01,0
S787,1,0,1,0,0,0,0,1,0,1,102.0,26.0,2023-04-01,2024-04-01,2024-04-01,2024-10-01,1
S791,1,1,0,0,0,0,0,1,1,1,959.0,26.0,2023-04-01,2024-04-01,2024-04-01,2024-10-01,0
S792,1,1,0,0,1,0,0,0,0,1,856.0,21.0,2023-04-01,2024-04-01,2024-04-01,2024-10-01,0
S793,1,1,0,0,1,0,0,0,0,0,140.0,11.0,2023-04-01,2024-04-01,2024-04-01,2024-10-01,0
S795,1,0,1,0,0,0,0,1,0,1,620.0,27.0,2023-04-01,2024-04-01,2024-04-01,2024-10-01,1
S796,2,1,0,1,2,0,0,0,1,0,354.5,20.5,2023-04-01,2024-04-01,2024-04-01,2024-10-01,0
S798,2,0,1,1,0,1,1,0,1,1,642.5,15.5,2023-04-01,2024-04-01,2024-04-01,2024-10-01,1
S800,1,0,1,0,0,1,0,0,0,1,489.0,13.0,2023-04-01,2024-04-01,2024-04-01,2024-10-01,0
S801,1,1,0,0,0,1,0,0,0,1,901.0,26.0,2023-04-01,2024-04-01,2024-04-01,2024-10-01,0
S802,1,1,0,0,1,0,0,0,1,0,168.0,12.0,2023-04-01,2024-04-01,2024-04-01,2024-10-01,1
S805,1,0,1,0,1,0,0,0,0,0,146.0,8.0,2023-04-01,2024-04-01,2024-04-01,2024-10-01,0
S807,1,0,0,1,1,0,0,0,0,0,438.0,14.0,2023-04-01,2024-04-01,2024-04-01,2024-10-01,0
S81,1,0,0,1,0,0,1,0,1,0,339.0,3.0,2023-04-01,2024-04-01,2024-04-01,2024-10-01,0
S811,1,1,0,0,1,0,0,0,0,1,413.0,3.0,2023-04-01,2024-04-01,2024-04-01,2024-10-01,0
S813,1,1,0,0,0,1,0,0,1,0,456.0,15.0,2023-04-01,2024-04-01,2024-04-01,2024-10-01,0
S816,3,2,1,0,0,1,1,1,2,2,368.3333333333333,23.666666666666668,2023-04-01,2024-04-01,2024-04-01,2024-10-01,0
S818,1,1,0,0,0,1,0,0,0,1,437.0,19.0,2023-04-01,2024-04-01,2024-04-01,2024-10-01,0
S819,1,1,0,0,0,0,0,1,0,0,468.0,17.0,2023-04-01,2024-04-01,2024-04-01,2024-10-01,0
S820,2,0,2,0,2,0,0,0,0,1,485.5,18.0,2023-04-01,2024-04-01,2024-04-01,2024-10-01,0
S822,1,0,0,1,0,1,0,0,0,0,207.0,22.0,2023-04-01,2024-04-01,2024-04-01,2024-10-01,0
S823,1,0,0,1,0,0,1,0,0,0,304.0,12.0,2023-04-01,2024-04-01,2024-04-01,2024-10-01,0
S825,1,1,0,0,1,0,0,0,0,1,688.0,24.0,2023-04-01,2024-04-01,2024-04-01,2024-10-01,0
S827,1,1,0,0,1,0,0,0,1,1,587.0,5.0,2023-04-01,2024-04-01,2024-04-01,2024-10-01,0
S828,1,1,0,0,0,0,1,0,1,0,263.0,17.0,2023-04-01,2024-04-01,2024-04-01,2024-10-01,0
S829,1,0,0,1,0,0,1,0,0,1,167.0,8.0,2023-04-01,2024-04-01,2024-04-01,2024-10-01,0
S830,2,0,1,1,1,1,0,0,0,0,906.0,13.0,2023-04-01,2024-04-01,2024-04-01,2024-10-01,0
S831,1,1,0,0,0,1,0,0,0,0,922.0,9.0,2023-04-01,2024-04-01,2024-04-01,2024-10-01,0
S834,1,0,1,0,0,1,0,0,0,1,608.0,26.0,2023-04-01,2024-04-01,2024-04-01,2024-10-01,0
S836,1,0,1,0,0,0,0,1,0,0,305.0,12.0,2023-04-01,2024-04-01,2024-04-01,2024-10-01,0
S837,1,0,0,1,0,0,0,1,0,1,563.0,13.0,2023-04-01,2024-04-01,2024-04-01,2024-10-01,1
S838,1,0,0,1,0,1,0,0,0,0,462.0,28.0,2023-04-01,2024-04-01,2024-04-01,2024-10-01,0
S839,2,0,2,0,0,0,1,1,0,2,830.5,13.0,2023-04-01,2024-04-01,2024-04-01,2024-10-01,0
S840,1,0,0,1,0,1,0,0,0,0,968.0,2.0,2023-04-01,2024-04-01,2024-04-01,2024-10-01,0
S852,1,0,0,1,0,0,0,1,0,0,891.0,26.0,2023-04-01,2024-04-01,2024-04-01,2024-10-01,1
S854,2,0,2,0,2,0,0,0,0,1,464.5,20.5,2023-04-01,2024-04-01,2024-04-01,2024-10-01,0
S855,1,1,0,0,0,1,0,0,0,1,654.0,23.0,2023-04-01,2024-04-01,2024-04-01,2024-10-01,0
S857,1,0,0,1,0,1,0,0,1,1,749.0,29.0,2023-04-01,2024-04-01,2024-04-01,2024-10-01,0
S858,1,1,0,0,0,0,0,1,0,0,825.0,27.0,2023-04-01,2024-04-01,2024-04-01,2024-10-01,0
S86,1,0,0,1,0,1,0,0,0,0,990.0,10.0,2023-04-01,2024-04-01,2024-04-01,2024-10-01,1
S861,1,0,0,1,1,0,0,0,0,0,768.0,18.0,2023-04-01,2024-04-01,2024-04-01,2024-10-01,1
S864,2,1,0,1,1,0,1,0,1,0,600.0,22.0,2023-04-01,2024-04-01,2024-04-01,2024-10-01,0
S867,2,1,0,1,0,1,0,1,0,1,516.5,16.0,2023-04-01,2024-04-01,2024-04-01,2024-10-01,0
S871,1,0,0,1,0,1,0,0,0,0,353.0,13.0,2023-04-01,2024-04-01,2024-04-01,2024-10-01,0
S872,3,1,1,1,2,1,0,0,2,1,426.0,16.666666666666668,2023-04-01,2024-04-01,2024-04-01,2024-10-01,0
S877,1,0,1,0,1,0,0,0,0,0,162.0,12.0,2023-04-01,2024-04-01,2024-04-01,2024-10-01,0
S878,1,0,0,1,0,0,0,1,0,1,119.0,20.0,2023-04-01,2024-04-01,2024-04-01,2024-10-01,0
S879,1,0,1,0,0,0,1,0,0,1,383.0,21.0,2023-04-01,2024-04-01,2024-04-01,2024-10-01,0
S881,1,0,0,1,0,0,1,0,0,0,491.0,3.0,2023-04-01,2024-04-01,2024-04-01,2024-10-01,1
S883,2,1,0,1,1,0,1,0,2,1,573.5,19.5,2023-04-01,2024-04-01,2024-04-01,2024-10-01,0
S884,2,1,0,1,0,2,0,0,0,1,775.0,13.0,2023-04-01,2024-04-01,2024-04-01,2024-10-01,0
S892,2,1,1,0,2,0,0,0,0,2,820.0,12.0,2023-04-01,2024-04-01,2024-04-01,2024-10-01,0
S896,2,1,1,0,0,0,0,2,1,1,250.5,17.0,2023-04-01,2024-04-01,2024-04-01,2024-10-01,0
S897,1,0,0,1,0,0,0,1,0,0,673.0,3.0,2023-04-01,2024-04-01,2024-04-01,2024-10-01,0
S9,1,1,0,0,0,0,1,0,0,0,424.0,6.0,2023-04-01,2024-04-01,2024-04-01,2024-10-01,0
S900,1,1,0,0,0,1,0,0,0,0,852.0,15.0,2023-04-01,2024-04-01,2024-04-01,2024-10-01,0
S903,1,1,0,0,1,0,0,0,0,1,418.0,19.0,2023-04-01,2024-04-01,2024-04-01,2024-10-01,1
S907,1,1,0,0,0,0,1,0,0,1,225.0,26.0,2023-04-01,2024-04-01,2024-04-01,2024-10-01,0
S908,1,0,1,0,0,0,1,0,1,0,554.0,17.0,2023-04-01,2024-04-01,2024-04-01,2024-10-01,1
S914,1,1,0,0,0,1,0,0,0,0,594.0,17.0,2023-04-01,2024-04-01,2024-04-01,2024-10-01,0
S916,1,1,0,0,1,0,0,0,1,1,382.0,13.0,2023-04-01,2024-04-01,2024-04-01,2024-10-01,0
S92,1,1,0,0,0,0,1,0,0,0,820.0,11.0,2023-04-01,2024-04-01,2024-04-01,2024-10-01,0
S920,1,0,1,0,0,0,0,1,0,1,486.0,17.0,2023-04-01,2024-04-01,2024-04-01,2024-10-01,0
S921,1,0,0,1,1,0,0,0,1,1,649.0,7.0,2023-04-01,2024-04-01,2024-04-01,2024-10-01,0
S928,1,0,0,1,1,0,0,0,0,0,478.0,27.0,2023-04-01,2024-04-01,2024-04-01,2024-10-01,0
S929,2,0,0,2,0,1,0,1,2,1,355.5,13.0,2023-04-01,2024-04-01,2024-04-01,2024-10-01,1
S930,1,0,0,1,0,1,0,0,0,0,211.0,17.0,2023-04-01,2024-04-01,2024-04-01,2024-10-01,0
S932,1,1,0,0,0,1,0,0,1,0,417.0,16.0,2023-04-01,2024-04-01,2024-04-01,2024-10-01,0
S936,2,1,0,1,0,1,1,0,1,0,629.5,20.5,2023-04-01,2024-04-01,2024-04-01,2024-10-01,0
S943,2,2,0,0,0,1,0,1,0,2,715.5,20.0,2023-04-01,2024-04-01,2024-04-01,2024-10-01,0
S946,1,0,0,1,0,0,0,1,1,0,227.0,4.0,2023-04-01,2024-04-01,2024-04-01,2024-10-01,0
S951,1,1,0,0,1,0,0,0,1,0,484.0,10.0,2023-04-01,2024-04-01,2024-04-01,2024-10-01,0
S952,1,0,0,1,0,1,0,0,0,0,624.0,24.0,2023-04-01,2024-04-01,2024-04-01,2024-10-01,0
S953,2,0,0,2,1,0,1,0,1,1,461.0,16.0,2023-04-01,2024-04-01,2024-04-01,2024-10-01,0
S955,2,0,2,0,0,2,0,0,1,1,369.5,4.0,2023-04-01,2024-04-01,2024-04-01,2024-10-01,0
S957,1,0,0,1,0,0,1,0,0,0,582.0,1.0,2023-04-01,2024-04-01,2024-04-01,2024-10-01,1
S958,2,1,0,1,0,1,0,1,0,1,575.5,7.0,2023-04-01,2024-04-01,2024-04-01,2024-10-01,0
S959,1,0,1,0,0,1,0,0,0,1,956.0,26.0,2023-04-01,2024-04-01,2024-04-01,2024-10-01,0
S96,2,0,2,0,2,0,0,0,0,2,214.5,21.5,2023-04-01,2024-04-01,2024-04-01,2024-10-01,1
S960,1,0,0,1,1,0,0,0,1,1,548.0,16.0,2023-04-01,2024-04-01,2024-04-01,2024-10-01,0
S961,1,0,0,1,0,0,1,0,0,1,312.0,29.0,2023-04-01,2024-04-01,2024-04-01,2024-10-01,0
S962,1,0,0,1,1,0,0,0,1,1,674.0,22.0,2023-04-01,2024-04-01,2024-04-01,2024-10-01,0
S963,1,0,1,0,0,1,0,0,0,1,588.0,23.0,2023-04-01,2024-04-01,2024-04-01,2024-10-01,0
S968,1,0,1,0,0,0,0,1,0,0,902.0,20.0,2023-04-01,2024-04-01,2024-04-01,2024-10-01,0
S972,1,0,1,0,0,0,0,1,1,0,875.0,4.0,2023-04-01,2024-04-01,2024-04-01,2024-10-01,0
S973,1,0,1,0,0,0,1,0,1,0,282.0,23.0,2023-04-01,2024-04-01,2024-04-01,2024-10-01,0
S975,1,1,0,0,0,0,0,1,0,1,518.0,4.0,2023-04-01,2024-04-01,2024-04-01,2024-10-01,0
S981,1,1,0,0,1,0,0,0,0,1,704.0,8.0,2023-04-01,2024-04-01,2024-04-01,2024-10-01,0
S982,1,1,0,0,0,0,1,0,0,1,111.0,20.0,2023-04-01,2024-04-01,2024-04-01,2024-10-01,0
S983,1,0,1,0,1,0,0,0,0,0,172.0,12.0,2023-04-01,2024-04-01,2024-04-01,2024-10-01,0
S986,1,0,1,0,0,0,1,0,0,1,901.0,19.0,2023-04-01,2024-04-01,2024-04-01,2024-10-01,0
S987,1,0,1,0,0,0,0,1,1,1,603.0,20.0,2023-04-01,2024-04-01,2024-04-01,2024-10-01,0
S988,1,0,0,1,0,0,1,0,0,0,625.0,26.0,2023-04-01,2024-04-01,2024-04-01,2024-10-01,1
S99,5,2,3,0,1,0,0,4,1,1,500.2,12.8,2023-04-01,2024-04-01,2024-04-01,2024-10-01,1
S990,1,0,1,0,0,1,0,0,1,0,859.0,8.0,2023-04-01,2024-04-01,2024-04-01,2024-10-01,0
S992,1,0,0,1,0,0,0,1,1,0,761.0,27.0,2023-04-01,2024-04-01,2024-04-01,2024-10-01,0
S993,2,0,0,2,1,1,0,0,1,0,513.5,11.0,2023-04-01,2024-04-01,2024-04-01,2024-10-01,0
S996,1,0,0,1,0,0,1,0,1,1,933.0,13.0,2023-04-01,2024-04-01,2024-04-01,2024-10-01,0
S997,1,0,0,1,0,0,1,0,1,0,557.0,10.0,2023-04-01,2024-04-01,2024-04-01,2024-10-01,0
S100,1,0,0,1,0,0,1,0,0,1,556.0,27.0,2023-07-01,2024-07-01,2024-07-01,2025-01-01,0
S103,1,1,0,0,1,0,0,0,0,0,191.0,18.0,2023-07-01,2024-07-01,2024-07-01,2025-01-01,0
S104,2,0,1,1,0,1,0,1,1,1,518.5,14.5,2023-07-01,2024-07-01,2024-07-01,2025-01-01,0
S106,1,0,0,1,0,1,0,0,0,0,921.0,3.0,2023-07-01,2024-07-01,2024-07-01,2025-01-01,0
S112,1,0,0,1,0,0,1,0,0,1,121.0,22.0,2023-07-01,2024-07-01,2024-07-01,2025-01-01,0
S113,3,1,2,0,0,3,0,0,0,0,607.3333333333334,16.666666666666668,2023-07-01,2024-07-01,2024-07-01,2025-01-01,0
S115,1,0,0,1,1,0,0,0,0,1,548.0,20.0,2023-07-01,2024-07-01,2024-07-01,2025-01-01,0
S116,1,0,1,0,0,1,0,0,0,0,466.0,25.0,2023-07-01,2024-07-01,2024-07-01,2025-01-01,0
S117,1,1,0,0,1,0,0,0,1,0,744.0,5.0,2023-07-01,2024-07-01,2024-07-01,2025-01-01,1
S118,1,1,0,0,0,1,0,0,1,0,239.0,2.0,2023-07-01,2024-07-01,2024-07-01,2025-01-01,0
S12,1,1,0,0,0,0,1,0,0,1,226.0,26.0,2023-07-01,2024-07-01,2024-07-01,2025-01-01,0
S120,2,1,0,1,2,0,0,0,0,2,265.5,18.5,2023-07-01,2024-07-01,2024-07-01,2025-01-01,0
S123,1,0,1,0,0,0,0,1,0,1,883.0,10.0,2023-07-01,2024-07-01,2024-07-01,2025-01-01,0
S124,1,0,0,1,0,1,0,0,1,0,196.0,9.0,2023-07-01,2024-07-01,2024-07-01,2025-01-01,0
S125,1,1,0,0,0,0,1,0,0,1,748.0,19.0,2023-07-01,2024-07-01,2024-07-01,2025-01-01,0
S127,1,0,0,1,1,0,0,0,0,1,120.0,27.0,2023-07-01,2024-07-01,2024-07-01,2025-01-01,0
S128,1,1,0,0,0,0,0,1,0,0,142.0,10.0,2023-07-01,2024-07-01,2024-07-01,2025-01-01,0
S130,1,1,0,0,0,0,1,0,0,0,250.0,2.0,2023-07-01,2024-07-01,2024-07-01,2025-01-01,0
S131,1,1,0,0,0,1,0,0,1,1,567.0,14.0,2023-07-01,2024-07-01,2024-07-01,2025-01-01,0
S135,1,1,0,0,0,0,1,0,1,1,451.0,8.0,2023-07-01,2024-07-01,2024-07-01,2025-01-01,0
S143,1,1,0,0,0,0,0,1,0,1,589.0,17.0,2023-07-01,2024-07-01,2024-07-01,2025-01-01,0
S144,2,2,0,0,1,0,0,1,1,1,656.0,12.0,2023-07-01,2024-07-01,2024-07-01,2025-01-01,1
S147,1,1,0,0,0,0,1,0,1,0,825.0,4.0,2023-07-01,2024-07-01,2024-07-01,2025-01-01,0
S148,1,0,0,1,0,0,0,1,0,0,296.0,27.0,2023-07-01,2024-07-01,2024-07-01,2025-01-01,0
S150,1,1,0,0,0,1,0,0,1,0,949.0,26.0,2023-07-01,2024-07-01,2024-07-01,2025-01-01,0
S151,1,0,1,0,0,0,1,0,0,1,921.0,28.0,2023-07-01,2024-07-01,2024-07-01,2025-01-01,1
S152,1,1,0,0,0,0,1,0,1,1,830.0,10.0,2023-07-01,2024-07-01,2024-07-01,2025-01-01,0
S153,1,0,1,0,0,1,0,0,0,1,318.0,10.0,2023-07-01,2024-07-01,2024-07-01,2025-01-01,0
S154,1,0,0,1,0,0,1,0,1,0,666.0,25.0,2023-07-01,2024-07-01,2024-07-01,2025-01-01,0
S155,1,0,0,1,0,0,0,1,0,1,465.0,6.0,2023-07-01,2024-07-01,2024-07-01,2025-01-01,0
S158,1,0,1,0,0,0,1,0,0,0,145.0,1.0,2023-07-01,2024-07-01,2024-07-01,2025-01-01,0
S16,1,1,0,0,0,0,1,0,0,0,500.0,25.0,2023-07-01,2024-07-01,2024-07-01,2025-01-01,0
S160,2,1,0,1,1,1,0,0,0,1,393.0,27.5,2023-07-01,2024-07-01,2024-07-01,2025-01-01,0
S161,2,1,0,1,0,0,1,1,0,0,430.0,9.0,2023-07-01,2024-07-01,2024-07-01,2025-01-01,0
S163,1,1,0,0,0,0,0,1,0,0,502.0,4.0,2023-07-01,2024-07-01,2024-07-01,2025-01-01,0
S168,1,0,0,1,0,0,1,0,0,1,110.0,19.0,2023-07-01,2024-07-01,2024-07-01,2025-01-01,0
S17,1,0,0,1,0,0,1,0,0,1,519.0,21.0,2023-07-01,2024-07-01,2024-07-01,2025-01-01,0
S172,1,0,0,1,1,0,0,0,0,0,172.0,23.0,2023-07-01,2024-07-01,2024-07-01,2025-01-01,0
S176,1,0,0,1,0,1,0,0,0,1,430.0,11.0,2023-07-01,2024-07-01,2024-07-01,2025-01-01,0
S18,1,0,1,0,1,0,0,0,0,0,476.0,19.0,2023-07-01,2024-07-01,2024-07-01,2025-01-01,0
S180,1,0,1,0,1,0,0,0,0,0,338.0,21.0,2023-07-01,2024-07-01,2024-07-01,2025-01-01,0
S181,1,0,0,1,0,1,0,0,1,1,855.0,15.0,2023-07-01,2024-07-01,2024-07-01,2025-01-01,0
S184,1,0,1,0,0,0,0,1,0,1,725.0,15.0,2023-07-01,2024-07-01,2024-07-01,2025-01-01,0
S187,1,0,0,1,0,1,0,0,1,0,616.0,12.0,2023-07-01,2024-07-01,2024-07-01,2025-01-01,0
S189,1,0,0,1,1,0,0,0,0,0,160.0,16.0,2023-07-01,2024-07-01,2024-07-01,2025-01-01,0
S190,1,0,0,1,0,0,1,0,0,0,648.0,14.0,2023-07-01,2024-07-01,2024-07-01,2025-01-01,0
S191,1,0,0,1,0,0,0,1,0,0,370.0,25.0,2023-07-01,2024-07-01,2024-07-01,2025-01-01,1
S192,1,1,0,0,1,0,0,0,0,1,182.0,20.0,2023-07-01,2024-07-01,2024-07-01,2025-01-01,0
S195,1,1,0,0,1,0,0,0,0,0,659.0,27.0,2023-07-01,2024-07-01,2024-07-01,2025-01-01,0
S196,2,1,0,1,0,0,2,0,0,0,434.5,2.5,2023-07-01,2024-07-01,2024-07-01,2025-01-01,0
S198,1,0,0,1,0,0,1,0,0,1,212.0,8.0,2023-07-01,2024-07-01,2024-07-01,2025-01-01,0
S2,2,0,1,1,0,1,1,0,0,1,537.5,28.0,2023-07-01,2024-07-01,2024-07-01,2025-01-01,0
S20,1,0,0,1,1,0,0,0,1,0,486.0,2.0,2023-07-01,2024-07-01,2024-07-01,2025-01-01,0
S201,1,1,0,0,0,1,0,0,0,0,500.0,16.0,2023-07-01,2024-07-01,2024-07-01,2025-01-01,1
S203,1,1,0,0,0,1,0,0,0,0,550.0,17.0,2023-07-01,2024-07-01,2024-07-01,2025-01-01,1
S204,1,0,1,0,0,0,1,0,0,0,105.0,20.0,2023-07-01,2024-07-01,2024-07-01,2025-01-01,0
S208,1,1,0,0,1,0,0,0,0,1,573.0,6.0,2023-07-01,2024-07-01,2024-07-01,2025-01-01,0
S218,1,0,0,1,0,0,1,0,0,0,646.0,14.0,2023-07-01,2024-07-01,2024-07-01,2025-01-01,0
S22,1,0,1,0,0,1,0,0,1,0,164.0,29.0,2023-07-01,2024-07-01,2024-07-01,2025-01-01,0
S220,3,0,1,2,1,0,2,0,1,1,644.3333333333334,19.0,2023-07-01,2024-07-01,2024-07-01,2025-01-01,1
S223,1,1,0,0,1,0,0,0,1,1,776.0,28.0,2023-07-01,2024-07-01,2024-07-01,2025-01-01,0
S225,2,1,1,0,1,0,1,0,0,1,655.0,25.5,2023-07-01,2024-07-01,2024-07-01,2025-01-01,0
S226,1,0,0,1,0,0,0,1,0,0,889.0,14.0,2023-07-01,2024-07-01,2024-07-01,2025-01-01,0
S227,1,1,0,0,1,0,0,0,0,1,265.0,7.0,2023-07-01,2024-07-01,2024-07-01,2025-01-01,0
S23,1,0,0,1,0,0,0,1,0,1,570.0,16.0,2023-07-01,2024-07-01,2024-07-01,2025-01-01,0
S230,1,0,1,0,1,0,0,0,0,1,920.0,22.0,2023-07-01,2024-07-01,2024-07-01,2025-01-01,1
S233,2,2,0,0,0,0,1,1,0,1,642.0,7.0,2023-07-01,2024-07-01,2024-07-01,2025-01-01,1
S234,1,0,0,1,0,1,0,0,0,0,950.0,4.0,2023-07-01,2024-07-01,2024-07-01,2025-01-01,0
S237,1,0,1,0,0,0,0,1,0,0,845.0,12.0,2023-07-01,2024-07-01,2024-07-01,2025-01-01,0
S246,1,0,0,1,0,0,0,1,0,0,260.0,19.0,2023-07-01,2024-07-01,2024-07-01,2025-01-01,0
S247,2,1,1,0,1,0,1,0,1,2,514.0,11.0,2023-07-01,2024-07-01,2024-07-01,2025-01-01,0
S253,2,1,0,1,0,1,0,1,2,1,627.0,18.5,2023-07-01,2024-07-01,2024-07-01,2025-01-01,1
S254,3,2,1,0,1,1,1,0,0,2,390.6666666666667,16.0,2023-07-01,2024-07-01,2024-07-01,2025-01-01,0
S256,1,0,1,0,0,0,0,1,0,0,959.0,11.0,2023-07-01,2024-07-01,2024-07-01,2025-01-01,1
S258,1,0,0,1,0,1,0,0,0,0,549.0,23.0,2023-07-01,2024-07-01,2024-07-01,2025-01-01,0
S263,1,0,1,0,0,0,1,0,0,0,891.0,27.0,2023-07-01,2024-07-01,2024-07-01,2025-01-01,0
S264,1,0,0,1,0,0,0,1,1,1,725.0,1.0,2023-07-01,2024-07-01,2024-07-01,2025-01-01,0
S268,2,1,0,1,1,1,0,0,0,1,880.5,6.5,2023-07-01,2024-07-01,2024-07-01,2025-01-01,0
S269,1,0,1,0,0,0,1,0,0,0,234.0,13.0,2023-07-01,2024-07-01,2024-07-01,2025-01-01,0
S27,1,0,0,1,0,1,0,0,1,0,347.0,29.0,2023-07-01,2024-07-01,2024-07-01,2025-01-01,0
S272,1,0,1,0,1,0,0,0,0,1,376.0,23.0,2023-07-01,2024-07-01,2024-07-01,2025-01-01,0
S277,3,2,1,0,1,0,0,2,2,0,538.6666666666666,19.333333333333332,2023-07-01,2024-07-01,2024-07-01,2025-01-01,0
S280,2,2,0,0,0,1,1,0,1,2,746.5,9.0,2023-07-01,2024-07-01,2024-07-01,2025-01-01,0
S283,1,1,0,0,0,1,0,0,1,1,990.0,18.0,2023-07-01,2024-07-01,2024-07-01,2025-01-01,0
S284,1,1,0,0,0,0,0,1,0,1,124.0,21.0,2023-07-01,2024-07-01,2024-07-01,2025-01-01,0
S285,2,0,2,0,0,0,1,1,0,0,559.5,20.5,2023-07-01,2024-07-01,2024-07-01,2025-01-01,0
S288,1,0,0,1,1,0,0,0,0,1,210.0,8.0,2023-07-01,2024-07-01,2024-07-01,2025-01-01,0
S289,1,0,1,0,1,0,0,0,0,0,525.0,5.0,2023-07-01,2024-07-01,2024-07-01,2025-01-01,0
S294,1,0,0,1,0,0,0,1,1,1,309.0,23.0,2023-07-01,2024-07-01,2024-07-01,2025-01-01,0
S298,1,1,0,0,0,1,0,0,0,0,503.0,25.0,2023-07-01,2024-07-01,2024-07-01,2025-01-01,0
S302,2,0,1,1,0,1,1,0,0,1,367.5,18.0,2023-07-01,2024-07-01,2024-07-01,2025-01-01,0
S304,1,1,0,0,0,1,0,0,0,1,768.0,13.0,2023-07-01,2024-07-01,2024-07-01,2025-01-01,0
S305,1,1,0,0,0,0,0,1,0,0,869.0,8.0,2023-07-01,2024-07-01,2024-07-01,2025-01-01,0
S314,1,1,0,0,0,0,1,0,1,1,667.0,28.0,2023-07-01,2024-07-01,2024-07-01,2025-01-01,0
S318,1,0,1,0,0,1,0,0,1,1,963.0,10.0,2023-07-01,2024-07-01,2024-07-01,2025-01-01,0
S321,1,0,0,1,1,0,0,0,0,0,969.0,6.0,2023-07-01,2024-07-01,2024-07-01,2025-01-01,0
S323,2,1,1,0,0,0,1,1,0,0,831.5,4.5,2023-07-01,2024-07-01,2024-07-01,2025-01-01,0
S325,1,1,0,0,0,1,0,0,0,1,723.0,18.0,2023-07-01,2024-07-01,2024-07-01,2025-01-01,0
S326,1,0,1,0,0,1,0,0,0,0,668.0,12.0,2023-07-01,2024-07-01,2024-07-01,2025-01-01,0
S33,1,0,1,0,0,0,0,1,0,1,542.0,27.0,2023-07-01,2024-07-01,2024-07-01,2025-01-01,0
S336,1,0,0,1,0,0,0,1,0,0,715.0,17.0,2023-07-01,2024-07-01,2024-07-01,2025-01-01,0
S338,2,1,1,0,0,1,0,1,2,0,722.5,16.0,2023-07-01,2024-07-01,2024-07-01,2025-01-01,0
S341,1,1,0,0,0,1,0,0,0,1,524.0,24.0,2023-07-01,2024-07-01,2024-07-01,2025-01-01,0
S342,1,0,1,0,0,1,0,0,0,1,952.0,14.0,2023-07-01,2024-07-01,2024-07-01,2025-01-01,1
S346,3,1,0,2,0,1,0,2,1,0,835.0,19.666666666666668,2023-07-01,2024-07-01,2024-07-01,2025-01-01,0
S349,2,0,1,1,0,0,2,0,1,1,160.5,10.5,2023-07-01,2024-07-01,2024-07-01,2025-01-01,0
S35,1,1,0,0,1,0,0,0,0,0,462.0,28.0,2023-07-01,2024-07-01,2024-07-01,2025-01-01,0
S350,1,0,0,1,1,0,0,0,1,1,238.0,15.0,2023-07-01,2024-07-01,2024-07-01,2025-01-01,0
S354,1,0,1,0,0,0,1,0,0,1,172.0,4.0,2023-07-01,2024-07-01,2024-07-01,2025-01-01,0
S357,1,0,1,0,1,0,0,0,1,0,175.0,11.0,2023-07-01,2024-07-01,2024-07-01,2025-01-01,0
S36,1,0,1,0,0,0,1,0,0,1,603.0,6.0,2023-07-01,2024-07-01,2024-07-01,2025-01-01,0
S365,1,0,1,0,1,0,0,0,1,1,178.0,18.0,2023-07-01,2024-07-01,2024-07-01,2025-01-01,0
S37,2,1,0,1,1,0,1,0,0,1,543.0,12.5,2023-07-01,2024-07-01,2024-07-01,2025-01-01,0
S370,1,0,1,0,0,1,0,0,0,1,672.0,25.0,2023-07-01,2024-07-01,2024-07-01,2025-01-01,0
S373,1,0,0,1,0,0,0,1,1,1,361.0,9.0,2023-07-01,2024-07-01,2024-07-01,2025-01-01,0
S374,1,0,0,1,0,1,0,0,0,1,177.0,26.0,2023-07-01,2024-07-01,2024-07-01,2025-01-01,0
S375,1,0,1,0,0,0,0,1,0,1,551.0,25.0,2023-07-01,2024-07-01,2024-07-01,2025-01-01,0
S376,1,1,0,0,0,1,0,0,0,0,532.0,1.0,2023-07-01,2024-07-01,2024-07-01,2025-01-01,0
S38,1,0,0,1,0,0,1,0,0,0,365.0,2.0,2023-07-01,2024-07-01,2024-07-01,2025-01-01,0
S380,1,0,1,0,0,1,0,0,1,0,737.0,13.0,2023-07-01,2024-07-01,2024-07-01,2025-01-01,0
S385,1,0,1,0,0,0,0,1,0,0,194.0,10.0,2023-07-01,2024-07-01,2024-07-01,2025-01-01,0
S386,2,1,1,0,0,0,0,2,1,2,345.0,9.0,2023-07-01,2024-07-01,2024-07-01,2025-01-01,0
S387,1,1,0,0,0,1,0,0,0,1,552.0,6.0,2023-07-01,2024-07-01,2024-07-01,2025-01-01,0
S39,1,0,0,1,0,1,0,0,1,1,627.0,24.0,2023-07-01,2024-07-01,2024-07-01,2025-01-01,1
S392,1,0,1,0,1,0,0,0,0,0,580.0,8.0,2023-07-01,2024-07-01,2024-07-01,2025-01-01,0
S393,2,0,1,1,1,0,1,0,2,0,635.0,16.5,2023-07-01,2024-07-01,2024-07-01,2025-01-01,0
S397,1,0,1,0,0,0,0,1,0,0,857.0,7.0,2023-07-01,2024-07-01,2024-07-01,2025-01-01,0
S398,1,0,0,1,1,0,0,0,0,0,934.0,8.0,2023-07-01,2024-07-01,2024-07-01,2025-01-01,0
S400,1,0,1,0,0,0,0,1,0,0,702.0,19.0,2023-07-01,2024-07-01,2024-07-01,2025-01-01,0
S401,2,0,0,2,0,0,1,1,0,1,559.5,20.5,2023-07-01,2024-07-01,2024-07-01,2025-01-01,0
S403,2,1,0,1,0,0,2,0,1,2,350.0,19.5,2023-07-01,2024-07-01,2024-07-01,2025-01-01,0
S404,1,0,1,0,1,0,0,0,1,0,524.0,3.0,2023-07-01,2024-07-01,2024-07-01,2025-01-01,0
S408,1,0,0,1,1,0,0,0,0,1,738.0,28.0,2023-07-01,2024-07-01,2024-07-01,2025-01-01,0
S411,1,1,0,0,0,0,0,1,1,0,199.0,24.0,2023-07-01,2024-07-01,2024-07-01,2025-01-01,0
S413,1,0,0,1,0,0,1,0,0,1,659.0,1.0,2023-07-01,2024-07-01,2024-07-01,2025-01-01,0
S415,1,1,0,0,0,0,0,1,0,1,576.0,7.0,2023-07-01,2024-07-01,2024-07-01,2025-01-01,0
S416,1,0,1,0,0,0,1,0,0,1,939.0,18.0,2023-07-01,2024-07-01,2024-07-01,2025-01-01,0
S417,1,1,0,0,1,0,0,0,0,1,639.0,28.0,2023-07-01,2024-07-01,2024-07-01,2025-01-01,0
S418,1,0,1,0,0,0,1,0,0,0,274.0,23.0,2023-07-01,2024-07-01,2024-07-01,2025-01-01,0
S420,2,0,1,1,0,2,0,0,1,2,325.5,25.0,2023-07-01,2024-07-01,2024-07-01,2025-01-01,0
S422,1,0,0,1,0,0,0,1,1,0,613.0,9.0,2023-07-01,2024-07-01,2024-07-01,2025-01-01,0
S427,1,1,0,0,1,0,0,0,0,1,749.0,27.0,2023-07-01,2024-07-01,2024-07-01,2025-01-01,0
S43,1,1,0,0,0,0,0,1,0,0,778.0,28.0,2023-07-01,2024-07-01,2024-07-01,2025-01-01,0
S432,1,0,1,0,0,0,0,1,1,1,761.0,21.0,2023-07-01,2024-07-01,2024-07-01,2025-01-01,0
S435,1,1,0,0,0,1,0,0,1,0,488.0,17.0,2023-07-01,2024-07-01,2024-07-01,2025-01-01,0
S438,1,0,0,1,1,0,0,0,1,0,761.0,7.0,2023-07-01,2024-07-01,2024-07-01,2025-01-01,0
S439,1,0,0,1,1,0,0,0,0,0,474.0,8.0,2023-07-01,2024-07-01,2024-07-01,2025-01-01,0
S442,2,0,1,1,2,0,0,0,0,1,535.5,12.5,2023-07-01,2024-07-01,2024-07-01,2025-01-01,0
S444,1,0,1,0,0,0,0,1,1,0,841.0,18.0,2023-07-01,2024-07-01,2024-07-01,2025-01-01,0
S447,1,0,1,0,0,0,0,1,1,0,151.0,1.0,2023-07-01,2024-07-01,2024-07-01,2025-01-01,0
S453,3,1,2,0,1,1,1,0,1,1,352.3333333333333,15.666666666666666,2023-07-01,2024-07-01,2024-07-01,2025-01-01,0
S456,1,0,1,0,1,0,0,0,0,0,882.0,29.0,2023-07-01,2024-07-01,2024-07-01,2025-01-01,0
S46,1,1,0,0,0,0,0,1,0,1,899.0,20.0,2023-07-01,2024-07-01,2024-07-01,2025-01-01,0
S460,1,0,1,0,0,0,0,1,0,1,158.0,7.0,2023-07-01,2024-07-01,2024-07-01,2025-01-01,0
S464,1,0,1,0,0,0,1,0,1,1,945.0,6.0,2023-07-01,2024-07-01,2024-07-01,2025-01-01,0
S47,2,1,0,1,0,1,1,0,1,2,496.5,22.5,2023-07-01,2024-07-01,2024-07-01,2025-01-01,1
S470,1,1,0,0,0,1,0,0,0,0,512.0,28.0,2023-07-01,2024-07-01,2024-07-01,2025-01-01,0
S471,1,0,1,0,0,1,0,0,0,0,593.0,26.0,2023-07-01,2024-07-01,2024-07-01,2025-01-01,1
S472,1,0,1,0,0,1,0,0,0,1,369.0,18.0,2023-07-01,2024-07-01,2024-07-01,2025-01-01,0
S473,2,0,2,0,1,0,1,0,0,1,520.0,17.5,2023-07-01,2024-07-01,2024-07-01,2025-01-01,0
S474,2,0,0,2,1,0,0,1,1,1,289.0,24.5,2023-07-01,2024-07-01,2024-07-01,2025-01-01,0
S475,1,0,1,0,0,0,1,0,0,1,705.0,13.0,2023-07-01,2024-07-01,2024-07-01,2025-01-01,0
S477,2,0,2,0,1,1,0,0,1,0,577.0,21.0,2023-07-01,2024-07-01,2024-07-01,2025-01-01,0
S481,1,0,1,0,0,0,0,1,1,0,980.0,23.0,2023-07-01,2024-07-01,2024-07-01,2025-01-01,0
S488,1,0,0,1,0,1,0,0,0,1,411.0,20.0,2023-07-01,2024-07-01,2024-07-01,2025-01-01,0
S489,1,1,0,0,0,0,1,0,0,0,778.0,13.0,2023-07-01,2024-07-01,2024-07-01,2025-01-01,0
S49,1,0,0,1,0,0,0,1,0,1,996.0,10.0,2023-07-01,2024-07-01,2024-07-01,2025-01-01,0
S490,1,1,0,0,0,0,0,1,0,1,168.0,5.0,2023-07-01,2024-07-01,2024-07-01,2025-01-01,0
S493,1,0,0,1,1,0,0,0,1,1,338.0,5.0,2023-07-01,2024-07-01,2024-07-01,2025-01-01,0
S497,3,2,0,1,1,2,0,0,2,0,733.3333333333334,16.333333333333332,2023-07-01,2024-07-01,2024-07-01,2025-01-01,0
S499,1,0,0,1,0,0,1,0,0,1,763.0,29.0,2023-07-01,2024-07-01,2024-07-01,2025-01-01,0
S5,1,1,0,0,1,0,0,0,0,1,434.0,16.0,2023-07-01,2024-07-01,2024-07-01,2025-01-01,0
S501,1,0,0,1,0,0,0,1,0,1,996.0,22.0,2023-07-01,2024-07-01,2024-07-01,2025-01-01,0
S504,1,1,0,0,0,1,0,0,0,0,877.0,23.0,2023-07-01,2024-07-01,2024-07-01,2025-01-01,0
S506,1,1,0,0,0,1,0,0,0,1,542.0,6.0,2023-07-01,2024-07-01,2024-07-01,2025-01-01,0
S51,1,0,1,0,1,0,0,0,0,0,468.0,9.0,2023-07-01,2024-07-01,2024-07-01,2025-01-01,0
S510,2,0,2,0,1,0,0,1,2,0,260.0,16.0,2023-07-01,2024-07-01,2024-07-01,2025-01-01,0
S511,2,0,1,1,0,0,1,1,1,1,391.0,17.0,2023-07-01,2024-07-01,2024-07-01,2025-01-01,1
S512,2,0,1,1,0,2,0,0,1,2,868.0,8.5,2023-07-01,2024-07-01,2024-07-01,2025-01-01,0
S513,1,1,0,0,1,0,0,0,0,1,694.0,9.0,2023-07-01,2024-07-01,2024-07-01,2025-01-01,0
S516,2,0,2,0,0,1,1,0,2,2,190.0,12.5,2023-07-01,2024-07-01,2024-07-01,2025-01-01,0
S518,1,0,0,1,0,0,0,1,0,0,275.0,22.0,2023-07-01,2024-07-01,2024-07-01,2025-01-01,0
S522,1,0,1,0,0,0,1,0,1,1,924.0,15.0,2023-07-01,2024-07-01,2024-07-01,2025-01-01,0
S525,1,0,1,0,0,0,1,0,0,0,374.0,27.0,2023-07-01,2024-07-01,2024-07-01,2025-01-01,1
S53,2,1,0,1,0,0,2,0,1,2,482.0,10.5,2023-07-01,2024-07-01,2024-07-01,2025-01-01,0
S538,1,0,0,1,1,0,0,0,0,0,602.0,2.0,2023-07-01,2024-07-01,2024-07-01,2025-01-01,0
S54,2,2,0,0,0,1,0,1,1,1,537.5,6.5,2023-07-01,2024-07-01,2024-07-01,2025-01-01,0
S545,1,1,0,0,0,0,0,1,1,1,334.0,6.0,2023-07-01,2024-07-01,2024-07-01,2025-01-01,0
S547,1,1,0,0,1,0,0,0,1,1,263.0,9.0,2023-07-01,2024-07-01,2024-07-01,2025-01-01,1
S551,2,1,0,1,0,2,0,0,0,0,456.0,15.5,2023-07-01,2024-07-01,2024-07-01,2025-01-01,0
S556,1,1,0,0,0,0,1,0,1,0,346.0,12.0,2023-07-01,2024-07-01,2024-07-01,2025-01-01,0
S560,1,1,0,0,0,0,0,1,0,1,543.0,23.0,2023-07-01,2024-07-01,2024-07-01,2025-01-01,0
S563,1,0,0,1,0,1,0,0,0,0,414.0,17.0,2023-07-01,2024-07-01,2024-07-01,2025-01-01,0
S564,1,0,1,0,1,0,0,0,1,1,950.0,23.0,2023-07-01,2024-07-01,2024-07-01,2025-01-01,0
S566,2,1,0,1,0,2,0,0,1,1,650.5,6.0,2023-07-01,2024-07-01,2024-07-01,2025-01-01,1
S570,2,0,1,1,0,0,0,2,1,0,439.0,10.0,2023-07-01,2024-07-01,2024-07-01,2025-01-01,0
S572,2,1,0,1,1,0,0,1,1,2,693.0,14.5,2023-07-01,2024-07-01,2024-07-01,2025-01-01,0
S575,1,0,0,1,0,0,0,1,0,1,793.0,28.0,2023-07-01,2024-07-01,2024-07-01,2025-01-01,0
S577,1,1,0,0,0,0,0,1,0,0,333.0,8.0,2023-07-01,2024-07-01,2024-07-01,2025-01-01,0
S58,2,1,1,0,0,0,0,2,0,0,311.0,5.5,2023-07-01,2024-07-01,2024-07-01,2025-01-01,1
S580,1,0,0,1,0,1,0,0,0,1,408.0,24.0,2023-07-01,2024-07-01,2024-07-01,2025-01-01,0
S581,1,0,0,1,1,0,0,0,0,0,955.0,22.0,2023-07-01,2024-07-01,2024-07-01,2025-01-01,0
S587,1,1,0,0,0,0,0,1,1,1,197.0,29.0,2023-07-01,2024-07-01,2024-07-01,2025-01-01,0
S601,1,0,0,1,0,1,0,0,1,0,382.0,18.0,2023-07-01,2024-07-01,2024-07-01,2025-01-01,0
S602,1,1,0,0,0,0,0,1,0,1,429.0,2.0,2023-07-01,2024-07-01,2024-07-01,2025-01-01,0
S604,1,1,0,0,0,0,1,0,0,0,853.0,20.0,2023-07-01,2024-07-01,2024-07-01,2025-01-01,0
S605,1,0,1,0,0,0,0,1,0,1,580.0,21.0,2023-07-01,2024-07-01,2024-07-01,2025-01-01,0
S607,2,1,0,1,0,2,0,0,0,0,426.0,12.5,2023-07-01,2024-07-01,2024-07-01,2025-01-01,0
S608,2,1,1,0,0,0,1,1,0,1,685.5,3.5,2023-07-01,2024-07-01,2024-07-01,2025-01-01,0
S609,2,0,1,1,0,1,0,1,0,2,376.0,12.0,2023-07-01,2024-07-01,2024-07-01,2025-01-01,0
S610,1,0,0,1,0,0,1,0,1,0,223.0,9.0,2023-07-01,2024-07-01,2024-07-01,2025-01-01,0
S611,1,0,0,1,0,1,0,0,0,1,128.0,13.0,2023-07-01,2024-07-01,2024-07-01,2025-01-01,0
S612,1,1,0,0,0,0,1,0,0,1,360.0,26.0,2023-07-01,2024-07-01,2024-07-01,2025-01-01,0
S613,3,1,2,0,0,1,1,1,2,1,476.0,13.333333333333334,2023-07-01,2024-07-01,2024-07-01,2025-01-01,0
S617,1,0,1,0,0,0,0,1,0,1,453.0,25.0,2023-07-01,2024-07-01,2024-07-01,2025-01-01,0
S620,1,1,0,0,0,1,0,0,0,1,648.0,24.0,2023-07-01,2024-07-01,2024-07-01,2025-01-01,0
S624,1,1,0,0,0,0,0,1,1,0,460.0,28.0,2023-07-01,2024-07-01,2024-07-01,2025-01-01,0
S625,2,1,0,1,0,1,0,1,0,2,466.5,9.5,2023-07-01,2024-07-01,2024-07-01,2025-01-01,0
S626,2,0,1,1,1,0,1,0,0,2,221.0,14.5,2023-07-01,2024-07-01,2024-07-01,2025-01-01,0
S628,1,1,0,0,1,0,0,0,0,0,877.0,27.0,2023-07-01,2024-07-01,2024-07-01,2025-01-01,0
S634,1,0,0,1,0,1,0,0,1,0,695.0,12.0,2023-07-01,2024-07-01,2024-07-01,2025-01-01,1
S636,1,1,0,0,0,0,1,0,0,0,974.0,2.0,2023-07-01,2024-07-01,2024-07-01,2025-01-01,0
S638,2,1,1,0,1,1,0,0,0,0,411.0,19.5,2023-07-01,2024-07-01,2024-07-01,2025-01-01,1
S639,1,0,0,1,0,0,0,1,0,1,836.0,18.0,2023-07-01,2024-07-01,2024-07-01,2025-01-01,0
S640,2,1,0,1,0,1,1,0,0,2,542.0,10.0,2023-07-01,2024-07-01,2024-07-01,2025-01-01,0
S641,2,0,1,1,0,0,1,1,1,2,705.0,20.0,2023-07-01,2024-07-01,2024-07-01,2025-01-01,0
S642,1,1,0,0,0,1,0,0,0,0,815.0,23.0,2023-07-01,2024-07-01,2024-07-01,2025-01-01,0
S649,1,0,1,0,1,0,0,0,0,0,643.0,28.0,2023-07-01,2024-07-01,2024-07-01,2025-01-01,0
S652,1,0,1,0,0,0,1,0,0,1,116.0,2.0,2023-07-01,2024-07-01,2024-07-01,2025-01-01,0
S654,1,1,0,0,0,1,0,0,1,0,849.0,20.0,2023-07-01,2024-07-01,2024-07-01,2025-01-01,0
S656,2,1,1,0,0,0,1,1,0,2,659.0,17.0,2023-07-01,2024-07-01,2024-07-01,2025-01-01,0
S657,1,0,1,0,0,1,0,0,0,0,306.0,22.0,2023-07-01,2024-07-01,2024-07-01,2025-01-01,0
S659,4,0,2,2,1,1,1,1,0,3,850.5,15.0,2023-07-01,2024-07-01,2024-07-01,2025-01-01,1
S660,1,1,0,0,1,0,0,0,1,1,987.0,7.0,2023-07-01,2024-07-01,2024-07-01,2025-01-01,1
S663,1,0,0,1,1,0,0,0,0,1,146.0,6.0,2023-07-01,2024-07-01,2024-07-01,2025-01-01,1
S664,2,1,1,0,0,1,0,1,0,1,920.0,18.0,2023-07-01,2024-07-01,2024-07-01,2025-01-01,1
S665,1,1,0,0,0,0,1,0,1,1,895.0,4.0,2023-07-01,2024-07-01,2024-07-01,2025-01-01,0
S670,2,0,2,0,0,2,0,0,1,2,220.0,24.5,2023-07-01,2024-07-01,2024-07-01,2025-01-01,0
S672,2,2,0,0,0,1,0,1,1,2,953.5,23.5,2023-07-01,2024-07-01,2024-07-01,2025-01-01,0
S673,1,0,0,1,0,0,0,1,1,0,682.0,12.0,2023-07-01,2024-07-01,2024-07-01,2025-01-01,0
S675,1,0,1,0,0,1,0,0,0,0,820.0,27.0,2023-07-01,2024-07-01,2024-07-01,2025-01-01,0
S677,1,0,1,0,0,0,0,1,0,0,227.0,7.0,2023-07-01,2024-07-01,2024-07-01,2025-01-01,0
S681,1,1,0,0,0,1,0,0,0,1,466.0,15.0,2023-07-01,2024-07-01,2024-07-01,2025-01-01,0
S682,2,0,2,0,1,0,0,1,0,1,687.0,24.0,2023-07-01,2024-07-01,2024-07-01,2025-01-01,0
S684,2,1,0,1,0,2,0,0,1,1,308.5,25.5,2023-07-01,2024-07-01,2024-07-01,2025-01-01,0
S685,1,0,1,0,1,0,0,0,1,1,785.0,28.0,2023-07-01,2024-07-01,2024-07-01,2025-01-01,1
S686,1,1,0,0,0,0,1,0,0,1,468.0,29.0,2023-07-01,2024-07-01,2024-07-01,2025-01-01,0
S688,1,0,1,0,0,0,0,1,0,1,199.0,13.0,2023-07-01,2024-07-01,2024-07-01,2025-01-01,0
S69,1,1,0,0,0,1,0,0,0,0,947.0,6.0,2023-07-01,2024-07-01,2024-07-01,2025-01-01,1
S690,1,0,1,0,0,0,0,1,0,1,513.0,24.0,2023-07-01,2024-07-01,2024-07-01,2025-01-01,0
S691,1,0,0,1,0,1,0,0,0,0,733.0,9.0,2023-07-01,2024-07-01,2024-07-01,2025-01-01,0
S692,2,1,1,0,1,0,1,0,1,1,672.0,24.0,2023-07-01,2024-07-01,2024-07-01,2025-01-01,0
S697,1,0,0,1,0,1,0,0,1,0,276.0,21.0,2023-07-01,2024-07-01,2024-07-01,2025-01-01,0
S698,1,1,0,0,0,0,1,0,1,1,964.0,23.0,2023-07-01,2024-07-01,2024-07-01,2025-01-01,0
S699,1,0,1,0,0,1,0,0,0,1,931.0,12.0,2023-07-01,2024-07-01,2024-07-01,2025-01-01,1
S700,1,0,0,1,0,1,0,0,0,0,226.0,13.0,2023-07-01,2024-07-01,2024-07-01,2025-01-01,0
S704,1,0,1,0,1,0,0,0,0,1,989.0,16.0,2023-07-01,2024-07-01,2024-07-01,2025-01-01,0
S706,1,0,1,0,0,0,1,0,1,0,247.0,17.0,2023-07-01,2024-07-01,2024-07-01,2025-01-01,0
S710,2,1,0,1,2,0,0,0,1,1,492.5,12.0,2023-07-01,2024-07-01,2024-07-01,2025-01-01,0
S711,1,0,1,0,1,0,0,0,1,0,549.0,8.0,2023-07-01,2024-07-01,2024-07-01,2025-01-01,0
S720,1,1,0,0,0,1,0,0,1,0,695.0,1.0,2023-07-01,2024-07-01,2024-07-01,2025-01-01,0
S727,2,1,0,1,2,0,0,0,1,1,663.0,23.0,2023-07-01,2024-07-01,2024-07-01,2025-01-01,0
S729,1,0,0,1,1,0,0,0,0,0,931.0,10.0,2023-07-01,2024-07-01,2024-07-01,2025-01-01,1
S730,1,1,0,0,1,0,0,0,0,0,121.0,13.0,2023-07-01,2024-07-01,2024-07-01,2025-01-01,0
S734,1,0,0,1,0,0,1,0,1,0,564.0,17.0,2023-07-01,2024-07-01,2024-07-01,2025-01-01,0
S735,1,0,1,0,0,0,0,1,0,1,269.0,7.0,2023-07-01,2024-07-01,2024-07-01,2025-01-01,1
S736,1,0,1,0,0,0,0,1,0,1,188.0,25.0,2023-07-01,2024-07-01,2024-07-01,2025-01-01,1
S741,1,1,0,0,0,0,1,0,1,0,137.0,3.0,2023-07-01,2024-07-01,2024-07-01,2025-01-01,0
S745,1,1,0,0,0,0,1,0,0,0,941.0,12.0,2023-07-01,2024-07-01,2024-07-01,2025-01-01,0
S75,1,0,0,1,0,1,0,0,1,0,304.0,15.0,2023-07-01,2024-07-01,2024-07-01,2025-01-01,0
S750,2,1,1,0,1,1,0,0,0,1,503.0,21.0,2023-07-01,2024-07-01,2024-07-01,2025-01-01,0
S751,1,0,1,0,0,0,0,1,0,0,902.0,21.0,2023-07-01,2024-07-01,2024-07-01,2025-01-01,1
S752,1,1,0,0,0,0,0,1,0,0,430.0,21.0,2023-07-01,2024-07-01,2024-07-01,2025-01-01,1
S754,1,0,1,0,0,0,1,0,1,0,683.0,22.0,2023-07-01,2024-07-01,2024-07-01,2025-01-01,1
S758,1,0,0,1,0,0,1,0,0,1,994.0,23.0,2023-07-01,2024-07-01,2024-07-01,2025-01-01,0
S759,2,1,0,1,0,1,1,0,1,1,549.5,13.5,2023-07-01,2024-07-01,2024-07-01,2025-01-01,0
S76,1,1,0,0,1,0,0,0,0,1,643.0,21.0,2023-07-01,2024-07-01,2024-07-01,2025-01-01,1
S761,1,1,0,0,0,0,0,1,0,1,394.0,10.0,2023-07-01,2024-07-01,2024-07-01,2025-01-01,0
S762,2,0,2,0,1,1,0,0,2,1,632.5,17.0,2023-07-01,2024-07-01,2024-07-01,2025-01-01,0
S764,2,0,0,2,0,1,0,1,0,0,297.5,15.5,2023-07-01,2024-07-01,2024-07-01,2025-01-01,0
S767,1,0,1,0,0,1,0,0,1,1,278.0,15.0,2023-07-01,2024-07-01,2024-07-01,2025-01-01,0
S769,1,0,0,1,0,0,0,1,0,1,594.0,8.0,2023-07-01,2024-07-01,2024-07-01,2025-01-01,0
S771,1,0,0,1,0,0,1,0,1,0,217.0,28.0,2023-07-01,2024-07-01,2024-07-01,2025-01-01,0
S774,1,0,0,1,0,0,0,1,0,0,965.0,6.0,2023-07-01,2024-07-01,2024-07-01,2025-01-01,0
S776,3,1,0,2,1,0,2,0,2,2,659.6666666666666,20.666666666666668,2023-07-01,2024-07-01,2024-07-01,2025-01-01,0
S779,1,0,1,0,1,0,0,0,0,0,314.0,28.0,2023-07-01,2024-07-01,2024-07-01,2025-01-01,0
S783,1,1,0,0,1,0,0,0,0,0,222.0,1.0,2023-07-01,2024-07-01,2024-07-01,2025-01-01,0
S785,1,0,1,0,0,0,1,0,0,1,395.0,22.0,2023-07-01,2024-07-01,2024-07-01,2025-01-01,0
S787,1,0,1,0,0,0,0,1,0,1,102.0,26.0,2023-07-01,2024-07-01,2024-07-01,2025-01-01,1
S790,1,0,1,0,1,0,0,0,0,0,252.0,25.0,2023-07-01,2024-07-01,2024-07-01,2025-01-01,0
S791,1,1,0,0,0,0,0,1,1,1,959.0,26.0,2023-07-01,2024-07-01,2024-07-01,2025-01-01,0
S792,2,1,1,0,1,0,1,0,1,2,601.0,20.5,2023-07-01,2024-07-01,2024-07-01,2025-01-01,0
S793,1,1,0,0,1,0,0,0,0,0,140.0,11.0,2023-07-01,2024-07-01,2024-07-01,2025-01-01,0
S798,1,0,1,0,0,0,1,0,0,0,709.0,13.0,2023-07-01,2024-07-01,2024-07-01,2025-01-01,1
S800,1,0,1,0,0,1,0,0,0,1,489.0,13.0,2023-07-01,2024-07-01,2024-07-01,2025-01-01,0
S801,1,1,0,0,0,1,0,0,0,1,901.0,26.0,2023-07-01,2024-07-01,2024-07-01,2025-01-01,0
S802,2,1,1,0,1,0,0,1,1,1,276.0,15.0,2023-07-01,2024-07-01,2024-07-01,2025-01-01,0
S807,1,0,0,1,1,0,0,0,0,0,438.0,14.0,2023-07-01,2024-07-01,2024-07-01,2025-01-01,0
S81,1,0,0,1,0,0,1,0,1,0,339.0,3.0,2023-07-01,2024-07-01,2024-07-01,2025-01-01,0
S811,1,1,0,0,1,0,0,0,0,1,413.0,3.0,2023-07-01,2024-07-01,2024-07-01,2025-01-01,0
S816,3,2,1,0,0,1,1,1,2,2,368.3333333333333,23.666666666666668,2023-07-01,2024-07-01,2024-07-01,2025-01-01,0
S818,1,1,0,0,0,1,0,0,0,1,437.0,19.0,2023-07-01,2024-07-01,2024-07-01,2025-01-01,0
S819,1,1,0,0,0,0,0,1,0,0,468.0,17.0,2023-07-01,2024-07-01,2024-07-01,2025-01-01,0
S820,2,0,2,0,2,0,0,0,0,1,485.5,18.0,2023-07-01,2024-07-01,2024-07-01,2025-01-01,0
S822,1,0,0,1,0,1,0,0,0,0,207.0,22.0,2023-07-01,2024-07-01,2024-07-01,2025-01-01,0
S823,1,0,0,1,0,0,1,0,0,0,304.0,12.0,2023-07-01,2024-07-01,2024-07-01,2025-01-01,0
S825,1,1,0,0,1,0,0,0,0,1,688.0,24.0,2023-07-01,2024-07-01,2024-07-01,2025-01-01,0
S826,1,0,0,1,0,0,1,0,1,1,857.0,23.0,2023-07-01,2024-07-01,2024-07-01,2025-01-01,0
S827,1,1,0,0,1,0,0,0,1,1,587.0,5.0,2023-07-01,2024-07-01,2024-07-01,2025-01-01,0
S828,1,1,0,0,0,0,1,0,1,0,263.0,17.0,2023-07-01,2024-07-01,2024-07-01,2025-01-01,0
S829,1,0,0,1,0,0,1,0,0,1,167.0,8.0,2023-07-01,2024-07-01,2024-07-01,2025-01-01,1
S830,2,0,1,1,1,1,0,0,0,0,906.0,13.0,2023-07-01,2024-07-01,2024-07-01,2025-01-01,0
S831,1,1,0,0,0,1,0,0,0,0,922.0,9.0,2023-07-01,2024-07-01,2024-07-01,2025-01-01,0
S834,1,0,1,0,0,1,0,0,0,1,608.0,26.0,2023-07-01,2024-07-01,2024-07-01,2025-01-01,0
S835,1,0,0,1,0,1,0,0,0,1,812.0,1.0,2023-07-01,2024-07-01,2024-07-01,2025-01-01,0
S836,1,0,1,0,0,0,0,1,0,0,305.0,12.0,2023-07-01,2024-07-01,2024-07-01,2025-01-01,0
S837,2,0,0,2,1,0,0,1,1,1,694.0,8.5,2023-07-01,2024-07-01,2024-07-01,2025-01-01,0
S838,1,0,0,1,0,1,0,0,0,0,462.0,28.0,2023-07-01,2024-07-01,2024-07-01,2025-01-01,0
S842,1,1,0,0,0,0,0,1,0,1,305.0,11.0,2023-07-01,2024-07-01,2024-07-01,2025-01-01,0
S849,1,1,0,0,0,0,1,0,0,1,236.0,9.0,2023-07-01,2024-07-01,2024-07-01,2025-01-01,0
S852,2,0,0,2,1,0,0,1,0,1,826.0,23.5,2023-07-01,2024-07-01,2024-07-01,2025-01-01,0
S854,2,0,2,0,2,0,0,0,0,1,464.5,20.5,2023-07-01,2024-07-01,2024-07-01,2025-01-01,0
S855,1,1,0,0,0,1,0,0,0,1,654.0,23.0,2023-07-01,2024-07-01,2024-07-01,2025-01-01,0
S86,1,0,1,0,0,1,0,0,0,0,721.0,22.0,2023-07-01,2024-07-01,2024-07-01,2025-01-01,0
S861,2,0,1,1,2,0,0,0,0,1,808.0,10.0,2023-07-01,2024-07-01,2024-07-01,2025-01-01,0
S864,1,0,0,1,1,0,0,0,1,0,990.0,25.0,2023-07-01,2024-07-01,2024-07-01,2025-01-01,0
S867,2,1,0,1,0,1,0,1,0,1,516.5,16.0,2023-07-01,2024-07-01,2024-07-01,2025-01-01,0
S872,2,1,1,0,2,0,0,0,1,1,314.0,19.5,2023-07-01,2024-07-01,2024-07-01,2025-01-01,0
S877,1,0,1,0,1,0,0,0,0,0,162.0,12.0,2023-07-01,2024-07-01,2024-07-01,2025-01-01,0
S878,1,0,0,1,0,0,0,1,0,1,119.0,20.0,2023-07-01,2024-07-01,2024-07-01,2025-01-01,0
S879,1,0,1,0,0,0,1,0,0,1,383.0,21.0,2023-07-01,2024-07-01,2024-07-01,2025-01-01,0
S881,1,0,0,1,0,0,1,0,0,0,491.0,3.0,2023-07-01,2024-07-01,2024-07-01,2025-01-01,1
S883,2,1,0,1,1,0,1,0,2,1,573.5,19.5,2023-07-01,2024-07-01,2024-07-01,2025-01-01,0
S884,2,1,0,1,0,2,0,0,0,1,775.0,13.0,2023-07-01,2024-07-01,2024-07-01,2025-01-01,0
S885,1,0,1,0,0,1,0,0,1,0,634.0,23.0,2023-07-01,2024-07-01,2024-07-01,2025-01-01,0
S892,1,0,1,0,1,0,0,0,0,1,756.0,1.0,2023-07-01,2024-07-01,2024-07-01,2025-01-01,0
S896,3,1,1,1,0,1,0,2,2,1,406.6666666666667,13.0,2023-07-01,2024-07-01,2024-07-01,2025-01-01,0
S897,2,0,0,2,0,0,1,1,0,1,718.5,3.5,2023-07-01,2024-07-01,2024-07-01,2025-01-01,0
S898,1,0,1,0,0,1,0,0,0,1,481.0,8.0,2023-07-01,2024-07-01,2024-07-01,2025-01-01,0
S9,1,1,0,0,0,0,1,0,0,0,424.0,6.0,2023-07-01,2024-07-01,2024-07-01,2025-01-01,0
S90,1,1,0,0,0,0,1,0,0,1,274.0,7.0,2023-07-01,2024-07-01,2024-07-01,2025-01-01,0
S903,2,1,1,0,1,0,1,0,0,1,508.0,15.5,2023-07-01,2024-07-01,2024-07-01,2025-01-01,0
S906,1,0,0,1,1,0,0,0,0,1,698.0,3.0,2023-07-01,2024-07-01,2024-07-01,2025-01-01,0
S907,1,1,0,0,0,0,1,0,0,1,225.0,26.0,2023-07-01,2024-07-01,2024-07-01,2025-01-01,0
S908,2,0,2,0,0,0,1,1,1,0,471.0,11.0,2023-07-01,2024-07-01,2024-07-01,2025-01-01,0
S912,1,0,1,0,1,0,0,0,1,1,208.0,15.0,2023-07-01,2024-07-01,2024-07-01,2025-01-01,0
S914,1,1,0,0,0,1,0,0,0,0,594.0,17.0,2023-07-01,2024-07-01,2024-07-01,2025-01-01,0
S916,1,1,0,0,1,0,0,0,1,1,382.0,13.0,2023-07-01,2024-07-01,2024-07-01,2025-01-01,0
S92,1,1,0,0,0,0,1,0,0,0,820.0,11.0,2023-07-01,2024-07-01,2024-07-01,2025-01-01,0
S920,1,0,1,0,0,0,0,1,0,1,486.0,17.0,2023-07-01,2024-07-01,2024-07-01,2025-01-01,0
S921,1,0,0,1,1,0,0,0,1,1,649.0,7.0,2023-07-01,2024-07-01,2024-07-01,2025-01-01,0
S922,1,1,0,0,0,0,1,0,1,1,118.0,24.0,2023-07-01,2024-07-01,2024-07-01,2025-01-01,0
S928,1,0,0,1,1,0,0,0,0,0,478.0,27.0,2023-07-01,2024-07-01,2024-07-01,2025-01-01,0
S929,3,0,0,3,1,1,0,1,3,2,408.6666666666667,18.333333333333332,2023-07-01,2024-07-01,2024-07-01,2025-01-01,0
S932,1,1,0,0,0,1,0,0,1,0,417.0,16.0,2023-07-01,2024-07-01,2024-07-01,2025-01-01,0
S936,2,1,0,1,0,1,1,0,1,0,629.5,20.5,2023-07-01,2024-07-01,2024-07-01,2025-01-01,0
S94,1,0,1,0,0,1,0,0,1,0,980.0,15.0,2023-07-01,2024-07-01,2024-07-01,2025-01-01,0
S943,1,1,0,0,0,0,0,1,0,1,579.0,23.0,2023-07-01,2024-07-01,2024-07-01,2025-01-01,0
S946,1,0,0,1,0,0,0,1,1,0,227.0,4.0,2023-07-01,2024-07-01,2024-07-01,2025-01-01,0
S951,1,1,0,0,1,0,0,0,1,0,484.0,10.0,2023-07-01,2024-07-01,2024-07-01,2025-01-01,0
S952,1,0,0,1,0,1,0,0,0,0,624.0,24.0,2023-07-01,2024-07-01,2024-07-01,2025-01-01,0
S953,1,0,0,1,1,0,0,0,1,0,314.0,14.0,2023-07-01,2024-07-01,2024-07-01,2025-01-01,1
S955,2,0,2,0,0,2,0,0,1,1,369.5,4.0,2023-07-01,2024-07-01,2024-07-01,2025-01-01,0
S957,2,1,0,1,1,0,1,0,1,0,590.0,3.0,2023-07-01,2024-07-01,2024-07-01,2025-01-01,0
S958,1,1,0,0,1,0,0,0,0,1,928.0,26.0,2023-07-01,2024-07-01,2024-07-01,2025-01-01,0
S959,1,0,1,0,0,1,0,0,0,1,956.0,26.0,2023-07-01,2024-07-01,2024-07-01,2025-01-01,0
S96,1,0,1,0,1,0,0,0,0,1,228.0,26.0,2023-07-01,2024-07-01,2024-07-01,2025-01-01,1
S960,1,0,0,1,1,0,0,0,1,1,548.0,16.0,2023-07-01,2024-07-01,2024-07-01,2025-01-01,0
S962,1,0,0,1,1,0,0,0,1,1,674.0,22.0,2023-07-01,2024-07-01,2024-07-01,2025-01-01,0
S963,2,0,2,0,0,1,1,0,0,2,750.5,24.5,2023-07-01,2024-07-01,2024-07-01,2025-01-01,0
S968,1,0,1,0,0,0,0,1,0,0,902.0,20.0,2023-07-01,2024-07-01,2024-07-01,2025-01-01,0
S970,1,0,0,1,1,0,0,0,0,0,294.0,15.0,2023-07-01,2024-07-01,2024-07-01,2025-01-01,0
S972,1,0,1,0,0,0,0,1,1,0,875.0,4.0,2023-07-01,2024-07-01,2024-07-01,2025-01-01,0
S974,1,0,0,1,0,1,0,0,1,1,413.0,1.0,2023-07-01,2024-07-01,2024-07-01,2025-01-01,0
S975,1,1,0,0,0,0,0,1,0,1,518.0,4.0,2023-07-01,2024-07-01,2024-07-01,2025-01-01,0
S981,1,1,0,0,1,0,0,0,0,1,704.0,8.0,2023-07-01,2024-07-01,2024-07-01,2025-01-01,0
S982,1,1,0,0,0,0,1,0,0,1,111.0,20.0,2023-07-01,2024-07-01,2024-07-01,2025-01-01,0
S983,1,0,1,0,1,0,0,0,0,0,172.0,12.0,2023-07-01,2024-07-01,2024-07-01,2025-01-01,0
S986,1,0,1,0,0,0,1,0,0,1,901.0,19.0,2023-07-01,2024-07-01,2024-07-01,2025-01-01,0
S988,2,0,1,1,0,1,1,0,0,0,685.0,27.5,2023-07-01,2024-07-01,2024-07-01,2025-01-01,0
S99,4,1,3,0,1,0,0,3,1,1,379.0,13.0,2023-07-01,2024-07-01,2024-07-01,2025-01-01,1
S990,1,0,1,0,0,1,0,0,1,0,859.0,8.0,2023-07-01,2024-07-01,2024-07-01,2025-01-01,0
S992,1,0,0,1,0,0,0,1,1,0,761.0,27.0,2023-07-01,2024-07-01,2024-07-01,2025-01-01,0
S993,2,0,0,2,1,1,0,0,1,0,513.5,11.0,2023-07-01,2024-07-01,2024-07-01,2025-01-01,0
S996,1,0,0,1,0,0,1,0,1,1,933.0,13.0,2023-07-01,2024-07-01,2024-07-01,2025-01-01,0
S997,2,0,0,2,1,0,1,0,2,1,602.0,15.0,2023-07-01,2024-07-01,2024-07-01,2025-01-01,0
S999,1,1,0,0,1,0,0,0,0,1,418.0,23.0,2023-07-01,2024-07-01,2024-07-01,2025-01-01,0
